tau,noncompliant_mean,noncompliant_tenant_number,state_r,noncompliant_state_r,upper_queue_buffer,link_queue_buffer,ratio,compliant_loss_pure,noncompliant_loss_pure,compliant_loss_all,noncompliant_loss_all
0, 155, 50, 0.500000, 0.500000, 10, 100, 1.001000, 1.046686, 1.159843, 1.047937, 2.435883
2048, 155, 50, 0.500000, 0.500000, 10, 100, 1.001000, 0.525124, 1.567992, 0.526398, 2.839127
4096, 155, 50, 0.500000, 0.500000, 10, 100, 1.001000, 0.319920, 1.726708, 0.321169, 2.999701
6144, 155, 50, 0.500000, 0.500000, 10, 100, 1.001000, 0.231500, 1.810768, 0.232771, 3.076886
8192, 155, 50, 0.500000, 0.500000, 10, 100, 1.001000, 0.182673, 1.845590, 0.184012, 3.114150
10240, 155, 50, 0.500000, 0.500000, 10, 100, 1.001000, 0.148961, 1.858960, 0.150280, 3.123885
12288, 155, 50, 0.500000, 0.500000, 10, 100, 1.001000, 0.127273, 1.874586, 0.128408, 3.142829
14336, 155, 50, 0.500000, 0.500000, 10, 100, 1.001000, 0.109764, 1.879897, 0.111041, 3.156918
16384, 155, 50, 0.500000, 0.500000, 10, 100, 1.001000, 0.098827, 1.889072, 0.100043, 3.161363
18432, 155, 50, 0.500000, 0.500000, 10, 100, 1.001000, 0.090288, 1.907037, 0.091529, 3.182001
20480, 155, 50, 0.500000, 0.500000, 10, 100, 1.001000, 0.081250, 1.906899, 0.082519, 3.184362
22528, 155, 50, 0.500000, 0.500000, 10, 100, 1.001000, 0.074106, 1.896102, 0.075233, 3.165053
24576, 155, 50, 0.500000, 0.500000, 10, 100, 1.001000, 0.071289, 1.928400, 0.072451, 3.198873
26624, 155, 50, 0.500000, 0.500000, 10, 100, 1.001000, 0.067703, 1.919230, 0.068876, 3.187780
28672, 155, 50, 0.500000, 0.500000, 10, 100, 1.001000, 0.062549, 1.928757, 0.063752, 3.198293
30720, 155, 50, 0.500000, 0.500000, 10, 100, 1.001000, 0.057473, 1.904977, 0.058718, 3.170688
32768, 155, 50, 0.500000, 0.500000, 10, 100, 1.001000, 0.056579, 1.931076, 0.057820, 3.198739
34816, 155, 50, 0.500000, 0.500000, 10, 100, 1.001000, 0.052851, 1.923807, 0.054021, 3.190179
36864, 155, 50, 0.500000, 0.500000, 10, 100, 1.001000, 0.050478, 1.936761, 0.051770, 3.210748
38912, 155, 50, 0.500000, 0.500000, 10, 100, 1.001000, 0.047429, 1.914529, 0.048597, 3.182349
40960, 155, 50, 0.500000, 0.500000, 10, 100, 1.001000, 0.048393, 1.953545, 0.049666, 3.225347
43008, 155, 50, 0.500000, 0.500000, 10, 100, 1.001000, 0.045833, 1.938416, 0.047107, 3.208252
45056, 155, 50, 0.500000, 0.500000, 10, 100, 1.001000, 0.042730, 1.934897, 0.043930, 3.205827
47104, 155, 50, 0.500000, 0.500000, 10, 100, 1.001000, 0.041502, 1.940796, 0.042556, 3.204300
49152, 155, 50, 0.500000, 0.500000, 10, 100, 1.001000, 0.041558, 1.945380, 0.042739, 3.213802
51200, 155, 50, 0.500000, 0.500000, 10, 100, 1.001000, 0.041622, 1.957821, 0.042808, 3.226565
0, 155, 50, 0.500000, 0.500000, 10, 100, 1.002000, 0.951305, 1.056176, 0.952487, 2.338168
2048, 155, 50, 0.500000, 0.500000, 10, 100, 1.002000, 0.476692, 1.424402, 0.477915, 2.693439
4096, 155, 50, 0.500000, 0.500000, 10, 100, 1.002000, 0.294020, 1.576268, 0.295201, 2.850345
6144, 155, 50, 0.500000, 0.500000, 10, 100, 1.002000, 0.211571, 1.644745, 0.212806, 2.921140
8192, 155, 50, 0.500000, 0.500000, 10, 100, 1.002000, 0.164794, 1.673487, 0.165965, 2.948886
10240, 155, 50, 0.500000, 0.500000, 10, 100, 1.002000, 0.136078, 1.701028, 0.137245, 2.976891
12288, 155, 50, 0.500000, 0.500000, 10, 100, 1.002000, 0.116056, 1.708005, 0.117183, 2.983213
14336, 155, 50, 0.500000, 0.500000, 10, 100, 1.002000, 0.100470, 1.714694, 0.101687, 2.988877
16384, 155, 50, 0.500000, 0.500000, 10, 100, 1.002000, 0.092273, 1.749323, 0.093642, 3.021275
18432, 155, 50, 0.500000, 0.500000, 10, 100, 1.002000, 0.083297, 1.737482, 0.084386, 3.012346
20480, 155, 50, 0.500000, 0.500000, 10, 100, 1.002000, 0.075934, 1.753018, 0.077165, 3.026514
22528, 155, 50, 0.500000, 0.500000, 10, 100, 1.002000, 0.070116, 1.758507, 0.071290, 3.026062
24576, 155, 50, 0.500000, 0.500000, 10, 100, 1.002000, 0.064403, 1.754418, 0.065556, 3.029644
26624, 155, 50, 0.500000, 0.500000, 10, 100, 1.002000, 0.060584, 1.760838, 0.061905, 3.035457
28672, 155, 50, 0.500000, 0.500000, 10, 100, 1.002000, 0.056722, 1.753964, 0.057951, 3.022896
30720, 155, 50, 0.500000, 0.500000, 10, 100, 1.002000, 0.055958, 1.780049, 0.057124, 3.053114
32768, 155, 50, 0.500000, 0.500000, 10, 100, 1.002000, 0.051918, 1.770490, 0.053110, 3.043160
34816, 155, 50, 0.500000, 0.500000, 10, 100, 1.002000, 0.048953, 1.766686, 0.050111, 3.035307
36864, 155, 50, 0.500000, 0.500000, 10, 100, 1.002000, 0.046156, 1.759501, 0.047438, 3.034747
38912, 155, 50, 0.500000, 0.500000, 10, 100, 1.002000, 0.045088, 1.776131, 0.046308, 3.048280
40960, 155, 50, 0.500000, 0.500000, 10, 100, 1.002000, 0.043008, 1.774932, 0.044178, 3.047861
43008, 155, 50, 0.500000, 0.500000, 10, 100, 1.002000, 0.041427, 1.767855, 0.042545, 3.040724
45056, 155, 50, 0.500000, 0.500000, 10, 100, 1.002000, 0.039674, 1.766091, 0.040910, 3.036246
47104, 155, 50, 0.500000, 0.500000, 10, 100, 1.002000, 0.039672, 1.780390, 0.040876, 3.053953
49152, 155, 50, 0.500000, 0.500000, 10, 100, 1.002000, 0.038728, 1.770454, 0.040085, 3.037427
51200, 155, 50, 0.500000, 0.500000, 10, 100, 1.002000, 0.037008, 1.777123, 0.038159, 3.052914
0, 155, 50, 0.500000, 0.500000, 10, 100, 1.003000, 0.865994, 0.959304, 0.867199, 2.238348
2048, 155, 50, 0.500000, 0.500000, 10, 100, 1.003000, 0.432270, 1.291922, 0.433574, 2.567313
4096, 155, 50, 0.500000, 0.500000, 10, 100, 1.003000, 0.268757, 1.443261, 0.269870, 2.725577
6144, 155, 50, 0.500000, 0.500000, 10, 100, 1.003000, 0.190275, 1.475477, 0.191495, 2.743268
8192, 155, 50, 0.500000, 0.500000, 10, 100, 1.003000, 0.152679, 1.539021, 0.153913, 2.817474
10240, 155, 50, 0.500000, 0.500000, 10, 100, 1.003000, 0.123509, 1.536143, 0.124647, 2.808784
12288, 155, 50, 0.500000, 0.500000, 10, 100, 1.003000, 0.106959, 1.554506, 0.108209, 2.826953
14336, 155, 50, 0.500000, 0.500000, 10, 100, 1.003000, 0.093966, 1.564489, 0.095159, 2.835440
16384, 155, 50, 0.500000, 0.500000, 10, 100, 1.003000, 0.083351, 1.572778, 0.084457, 2.849490
18432, 155, 50, 0.500000, 0.500000, 10, 100, 1.003000, 0.075545, 1.586358, 0.076761, 2.860059
20480, 155, 50, 0.500000, 0.500000, 10, 100, 1.003000, 0.069080, 1.599190, 0.070187, 2.875098
22528, 155, 50, 0.500000, 0.500000, 10, 100, 1.003000, 0.064616, 1.590336, 0.065893, 2.862469
24576, 155, 50, 0.500000, 0.500000, 10, 100, 1.003000, 0.059696, 1.594406, 0.060828, 2.862753
26624, 155, 50, 0.500000, 0.500000, 10, 100, 1.003000, 0.056831, 1.601384, 0.057980, 2.878433
28672, 155, 50, 0.500000, 0.500000, 10, 100, 1.003000, 0.051592, 1.587692, 0.052796, 2.858059
30720, 155, 50, 0.500000, 0.500000, 10, 100, 1.003000, 0.050394, 1.602910, 0.051621, 2.878573
32768, 155, 50, 0.500000, 0.500000, 10, 100, 1.003000, 0.046815, 1.610206, 0.048089, 2.889203
34816, 155, 50, 0.500000, 0.500000, 10, 100, 1.003000, 0.045535, 1.616999, 0.046705, 2.889952
36864, 155, 50, 0.500000, 0.500000, 10, 100, 1.003000, 0.043592, 1.612681, 0.044848, 2.883320
38912, 155, 50, 0.500000, 0.500000, 10, 100, 1.003000, 0.041487, 1.611768, 0.042708, 2.884665
40960, 155, 50, 0.500000, 0.500000, 10, 100, 1.003000, 0.039948, 1.612508, 0.041248, 2.886244
43008, 155, 50, 0.500000, 0.500000, 10, 100, 1.003000, 0.038419, 1.607133, 0.039594, 2.879155
45056, 155, 50, 0.500000, 0.500000, 10, 100, 1.003000, 0.035689, 1.589999, 0.036887, 2.858458
47104, 155, 50, 0.500000, 0.500000, 10, 100, 1.003000, 0.034564, 1.612750, 0.035801, 2.887096
49152, 155, 50, 0.500000, 0.500000, 10, 100, 1.003000, 0.034814, 1.619921, 0.035978, 2.889644
51200, 155, 50, 0.500000, 0.500000, 10, 100, 1.003000, 0.034948, 1.629772, 0.036131, 2.896051
0, 155, 50, 0.500000, 0.500000, 10, 100, 1.004000, 0.781612, 0.863070, 0.782869, 2.146780
2048, 155, 50, 0.500000, 0.500000, 10, 100, 1.004000, 0.396646, 1.168967, 0.397956, 2.452219
4096, 155, 50, 0.500000, 0.500000, 10, 100, 1.004000, 0.240385, 1.281077, 0.241593, 2.560267
6144, 155, 50, 0.500000, 0.500000, 10, 100, 1.004000, 0.175559, 1.339784, 0.176760, 2.617513
8192, 155, 50, 0.500000, 0.500000, 10, 100, 1.004000, 0.137049, 1.366251, 0.138125, 2.637222
10240, 155, 50, 0.500000, 0.500000, 10, 100, 1.004000, 0.115784, 1.396938, 0.117137, 2.674989
12288, 155, 50, 0.500000, 0.500000, 10, 100, 1.004000, 0.097037, 1.405119, 0.098277, 2.678744
14336, 155, 50, 0.500000, 0.500000, 10, 100, 1.004000, 0.085261, 1.410259, 0.086414, 2.686446
16384, 155, 50, 0.500000, 0.500000, 10, 100, 1.004000, 0.076974, 1.435036, 0.078254, 2.719815
18432, 155, 50, 0.500000, 0.500000, 10, 100, 1.004000, 0.069007, 1.428910, 0.070170, 2.707453
20480, 155, 50, 0.500000, 0.500000, 10, 100, 1.004000, 0.063100, 1.431068, 0.064274, 2.702287
22528, 155, 50, 0.500000, 0.500000, 10, 100, 1.004000, 0.058154, 1.428704, 0.059506, 2.706658
24576, 155, 50, 0.500000, 0.500000, 10, 100, 1.004000, 0.054445, 1.448054, 0.055638, 2.721830
26624, 155, 50, 0.500000, 0.500000, 10, 100, 1.004000, 0.051283, 1.443134, 0.052574, 2.718084
28672, 155, 50, 0.500000, 0.500000, 10, 100, 1.004000, 0.047822, 1.454166, 0.048993, 2.730341
30720, 155, 50, 0.500000, 0.500000, 10, 100, 1.004000, 0.044237, 1.432078, 0.045501, 2.706323
32768, 155, 50, 0.500000, 0.500000, 10, 100, 1.004000, 0.042642, 1.443410, 0.043863, 2.713687
34816, 155, 50, 0.500000, 0.500000, 10, 100, 1.004000, 0.040740, 1.444604, 0.041885, 2.722370
36864, 155, 50, 0.500000, 0.500000, 10, 100, 1.004000, 0.039417, 1.451223, 0.040658, 2.726816
38912, 155, 50, 0.500000, 0.500000, 10, 100, 1.004000, 0.038191, 1.460056, 0.039325, 2.731570
40960, 155, 50, 0.500000, 0.500000, 10, 100, 1.004000, 0.035877, 1.451353, 0.037076, 2.728602
43008, 155, 50, 0.500000, 0.500000, 10, 100, 1.004000, 0.034964, 1.457150, 0.036111, 2.735830
45056, 155, 50, 0.500000, 0.500000, 10, 100, 1.004000, 0.033823, 1.449840, 0.035032, 2.725135
47104, 155, 50, 0.500000, 0.500000, 10, 100, 1.004000, 0.031862, 1.440691, 0.032957, 2.719839
49152, 155, 50, 0.500000, 0.500000, 10, 100, 1.004000, 0.032574, 1.464089, 0.033811, 2.740969
51200, 155, 50, 0.500000, 0.500000, 10, 100, 1.004000, 0.030031, 1.451368, 0.031453, 2.731141
0, 155, 50, 0.500000, 0.500000, 10, 100, 1.005000, 0.701513, 0.775537, 0.702735, 2.060005
2048, 155, 50, 0.500000, 0.500000, 10, 100, 1.005000, 0.352792, 1.040322, 0.353986, 2.321583
4096, 155, 50, 0.500000, 0.500000, 10, 100, 1.005000, 0.217747, 1.152578, 0.218945, 2.431365
6144, 155, 50, 0.500000, 0.500000, 10, 100, 1.005000, 0.157197, 1.196427, 0.158451, 2.476464
8192, 155, 50, 0.500000, 0.500000, 10, 100, 1.005000, 0.123833, 1.229535, 0.125070, 2.513396
10240, 155, 50, 0.500000, 0.500000, 10, 100, 1.005000, 0.103765, 1.245434, 0.104851, 2.528012
12288, 155, 50, 0.500000, 0.500000, 10, 100, 1.005000, 0.088908, 1.256928, 0.090092, 2.536089
14336, 155, 50, 0.500000, 0.500000, 10, 100, 1.005000, 0.077222, 1.267328, 0.078489, 2.547990
16384, 155, 50, 0.500000, 0.500000, 10, 100, 1.005000, 0.068748, 1.262353, 0.069888, 2.542388
18432, 155, 50, 0.500000, 0.500000, 10, 100, 1.005000, 0.061508, 1.274848, 0.062614, 2.557099
20480, 155, 50, 0.500000, 0.500000, 10, 100, 1.005000, 0.058191, 1.291768, 0.059323, 2.569148
22528, 155, 50, 0.500000, 0.500000, 10, 100, 1.005000, 0.050421, 1.259159, 0.051687, 2.539293
24576, 155, 50, 0.500000, 0.500000, 10, 100, 1.005000, 0.047844, 1.271778, 0.049079, 2.551007
26624, 155, 50, 0.500000, 0.500000, 10, 100, 1.005000, 0.044929, 1.286154, 0.046081, 2.561482
28672, 155, 50, 0.500000, 0.500000, 10, 100, 1.005000, 0.043334, 1.288118, 0.044525, 2.564403
30720, 155, 50, 0.500000, 0.500000, 10, 100, 1.005000, 0.040347, 1.293553, 0.041614, 2.568381
32768, 155, 50, 0.500000, 0.500000, 10, 100, 1.005000, 0.037883, 1.275984, 0.039100, 2.548140
34816, 155, 50, 0.500000, 0.500000, 10, 100, 1.005000, 0.036667, 1.295122, 0.037885, 2.572281
36864, 155, 50, 0.500000, 0.500000, 10, 100, 1.005000, 0.035324, 1.293203, 0.036471, 2.570185
38912, 155, 50, 0.500000, 0.500000, 10, 100, 1.005000, 0.033360, 1.297340, 0.034704, 2.574284
40960, 155, 50, 0.500000, 0.500000, 10, 100, 1.005000, 0.032515, 1.295775, 0.033855, 2.568500
43008, 155, 50, 0.500000, 0.500000, 10, 100, 1.005000, 0.031210, 1.299945, 0.032613, 2.577130
45056, 155, 50, 0.500000, 0.500000, 10, 100, 1.005000, 0.030341, 1.293902, 0.031615, 2.573911
47104, 155, 50, 0.500000, 0.500000, 10, 100, 1.005000, 0.028708, 1.289408, 0.029934, 2.570720
49152, 155, 50, 0.500000, 0.500000, 10, 100, 1.005000, 0.027579, 1.298734, 0.028803, 2.576760
51200, 155, 50, 0.500000, 0.500000, 10, 100, 1.005000, 0.027229, 1.292307, 0.028486, 2.569588
0, 155, 50, 0.500000, 0.500000, 10, 100, 1.006000, 0.609676, 0.672717, 0.610999, 1.953549
2048, 155, 50, 0.500000, 0.500000, 10, 100, 1.006000, 0.313416, 0.922663, 0.314573, 2.200080
4096, 155, 50, 0.500000, 0.500000, 10, 100, 1.006000, 0.196999, 1.030312, 0.198237, 2.316541
6144, 155, 50, 0.500000, 0.500000, 10, 100, 1.006000, 0.140235, 1.053697, 0.141501, 2.331183
8192, 155, 50, 0.500000, 0.500000, 10, 100, 1.006000, 0.111583, 1.080864, 0.112863, 2.357163
10240, 155, 50, 0.500000, 0.500000, 10, 100, 1.006000, 0.090764, 1.085972, 0.091858, 2.359491
12288, 155, 50, 0.500000, 0.500000, 10, 100, 1.006000, 0.078537, 1.110339, 0.079712, 2.396557
14336, 155, 50, 0.500000, 0.500000, 10, 100, 1.006000, 0.068691, 1.120209, 0.069894, 2.410706
16384, 155, 50, 0.500000, 0.500000, 10, 100, 1.006000, 0.060539, 1.108592, 0.061935, 2.387036
18432, 155, 50, 0.500000, 0.500000, 10, 100, 1.006000, 0.054596, 1.124893, 0.055819, 2.407804
20480, 155, 50, 0.500000, 0.500000, 10, 100, 1.006000, 0.052016, 1.139000, 0.053192, 2.418280
22528, 155, 50, 0.500000, 0.500000, 10, 100, 1.006000, 0.045859, 1.120044, 0.047071, 2.398439
24576, 155, 50, 0.500000, 0.500000, 10, 100, 1.006000, 0.043320, 1.136217, 0.044589, 2.413449
26624, 155, 50, 0.500000, 0.500000, 10, 100, 1.006000, 0.039957, 1.119725, 0.041233, 2.398307
28672, 155, 50, 0.500000, 0.500000, 10, 100, 1.006000, 0.039547, 1.156273, 0.040718, 2.437073
30720, 155, 50, 0.500000, 0.500000, 10, 100, 1.006000, 0.036492, 1.144215, 0.037742, 2.429229
32768, 155, 50, 0.500000, 0.500000, 10, 100, 1.006000, 0.033835, 1.137138, 0.035002, 2.410284
34816, 155, 50, 0.500000, 0.500000, 10, 100, 1.006000, 0.033461, 1.154129, 0.034634, 2.436753
36864, 155, 50, 0.500000, 0.500000, 10, 100, 1.006000, 0.030881, 1.134939, 0.032132, 2.417781
38912, 155, 50, 0.500000, 0.500000, 10, 100, 1.006000, 0.030370, 1.150397, 0.031653, 2.428375
40960, 155, 50, 0.500000, 0.500000, 10, 100, 1.006000, 0.029392, 1.156969, 0.030609, 2.435852
43008, 155, 50, 0.500000, 0.500000, 10, 100, 1.006000, 0.027994, 1.155083, 0.029207, 2.435956
45056, 155, 50, 0.500000, 0.500000, 10, 100, 1.006000, 0.027844, 1.161293, 0.029059, 2.440771
47104, 155, 50, 0.500000, 0.500000, 10, 100, 1.006000, 0.026832, 1.157208, 0.028068, 2.436721
49152, 155, 50, 0.500000, 0.500000, 10, 100, 1.006000, 0.025160, 1.143073, 0.026241, 2.427894
51200, 155, 50, 0.500000, 0.500000, 10, 100, 1.006000, 0.025008, 1.151858, 0.026362, 2.431330
0, 155, 50, 0.500000, 0.500000, 10, 100, 1.007000, 0.544205, 0.599816, 0.545442, 1.890896
2048, 155, 50, 0.500000, 0.500000, 10, 100, 1.007000, 0.274719, 0.803490, 0.275878, 2.086724
4096, 155, 50, 0.500000, 0.500000, 10, 100, 1.007000, 0.168407, 0.875876, 0.169559, 2.154724
6144, 155, 50, 0.500000, 0.500000, 10, 100, 1.007000, 0.123220, 0.920366, 0.124515, 2.205329
8192, 155, 50, 0.500000, 0.500000, 10, 100, 1.007000, 0.096763, 0.939337, 0.097968, 2.218074
10240, 155, 50, 0.500000, 0.500000, 10, 100, 1.007000, 0.080051, 0.951235, 0.081261, 2.230213
12288, 155, 50, 0.500000, 0.500000, 10, 100, 1.007000, 0.068286, 0.967875, 0.069485, 2.242856
14336, 155, 50, 0.500000, 0.500000, 10, 100, 1.007000, 0.059012, 0.959761, 0.060197, 2.237356
16384, 155, 50, 0.500000, 0.500000, 10, 100, 1.007000, 0.054502, 0.985961, 0.055792, 2.268448
18432, 155, 50, 0.500000, 0.500000, 10, 100, 1.007000, 0.049227, 0.986476, 0.050426, 2.267655
20480, 155, 50, 0.500000, 0.500000, 10, 100, 1.007000, 0.045300, 0.999458, 0.046547, 2.285291
22528, 155, 50, 0.500000, 0.500000, 10, 100, 1.007000, 0.041989, 0.995789, 0.043309, 2.276793
24576, 155, 50, 0.500000, 0.500000, 10, 100, 1.007000, 0.039236, 1.003816, 0.040417, 2.284748
26624, 155, 50, 0.500000, 0.500000, 10, 100, 1.007000, 0.036440, 0.998742, 0.037689, 2.280597
28672, 155, 50, 0.500000, 0.500000, 10, 100, 1.007000, 0.034449, 0.993358, 0.035689, 2.277870
30720, 155, 50, 0.500000, 0.500000, 10, 100, 1.007000, 0.032246, 0.998859, 0.033396, 2.279129
32768, 155, 50, 0.500000, 0.500000, 10, 100, 1.007000, 0.030211, 0.986238, 0.031382, 2.265890
34816, 155, 50, 0.500000, 0.500000, 10, 100, 1.007000, 0.028744, 0.995438, 0.029891, 2.280114
36864, 155, 50, 0.500000, 0.500000, 10, 100, 1.007000, 0.028673, 1.009610, 0.029783, 2.291129
38912, 155, 50, 0.500000, 0.500000, 10, 100, 1.007000, 0.026461, 1.000089, 0.027652, 2.281189
40960, 155, 50, 0.500000, 0.500000, 10, 100, 1.007000, 0.025179, 0.997587, 0.026340, 2.282720
43008, 155, 50, 0.500000, 0.500000, 10, 100, 1.007000, 0.024720, 1.011087, 0.025841, 2.293764
45056, 155, 50, 0.500000, 0.500000, 10, 100, 1.007000, 0.024208, 1.007393, 0.025388, 2.291291
47104, 155, 50, 0.500000, 0.500000, 10, 100, 1.007000, 0.022855, 0.991550, 0.024077, 2.271167
49152, 155, 50, 0.500000, 0.500000, 10, 100, 1.007000, 0.022625, 1.000685, 0.023813, 2.281191
51200, 155, 50, 0.500000, 0.500000, 10, 100, 1.007000, 0.021892, 1.000418, 0.023186, 2.280718
0, 155, 50, 0.500000, 0.500000, 10, 100, 1.008000, 0.461962, 0.512343, 0.463101, 1.795761
2048, 155, 50, 0.500000, 0.500000, 10, 100, 1.008000, 0.242047, 0.704211, 0.243361, 1.993344
4096, 155, 50, 0.500000, 0.500000, 10, 100, 1.008000, 0.149693, 0.769177, 0.150868, 2.057047
6144, 155, 50, 0.500000, 0.500000, 10, 100, 1.008000, 0.108592, 0.801740, 0.109833, 2.086318
8192, 155, 50, 0.500000, 0.500000, 10, 100, 1.008000, 0.085549, 0.817487, 0.086832, 2.101559
10240, 155, 50, 0.500000, 0.500000, 10, 100, 1.008000, 0.070996, 0.829713, 0.072197, 2.114596
12288, 155, 50, 0.500000, 0.500000, 10, 100, 1.008000, 0.059283, 0.825367, 0.060489, 2.108379
14336, 155, 50, 0.500000, 0.500000, 10, 100, 1.008000, 0.052441, 0.834617, 0.053709, 2.119529
16384, 155, 50, 0.500000, 0.500000, 10, 100, 1.008000, 0.048704, 0.859543, 0.049820, 2.140999
18432, 155, 50, 0.500000, 0.500000, 10, 100, 1.008000, 0.041909, 0.846199, 0.043061, 2.131279
20480, 155, 50, 0.500000, 0.500000, 10, 100, 1.008000, 0.038358, 0.846724, 0.039673, 2.130974
22528, 155, 50, 0.500000, 0.500000, 10, 100, 1.008000, 0.036047, 0.858404, 0.037339, 2.141323
24576, 155, 50, 0.500000, 0.500000, 10, 100, 1.008000, 0.033064, 0.849662, 0.034279, 2.138644
26624, 155, 50, 0.500000, 0.500000, 10, 100, 1.008000, 0.032472, 0.872018, 0.033719, 2.158217
28672, 155, 50, 0.500000, 0.500000, 10, 100, 1.008000, 0.030153, 0.867280, 0.031323, 2.148299
30720, 155, 50, 0.500000, 0.500000, 10, 100, 1.008000, 0.028071, 0.863317, 0.029273, 2.151982
32768, 155, 50, 0.500000, 0.500000, 10, 100, 1.008000, 0.026925, 0.863362, 0.028249, 2.149373
34816, 155, 50, 0.500000, 0.500000, 10, 100, 1.008000, 0.024205, 0.854496, 0.025387, 2.142991
36864, 155, 50, 0.500000, 0.500000, 10, 100, 1.008000, 0.024821, 0.875821, 0.025911, 2.158147
38912, 155, 50, 0.500000, 0.500000, 10, 100, 1.008000, 0.024247, 0.872945, 0.025497, 2.158852
40960, 155, 50, 0.500000, 0.500000, 10, 100, 1.008000, 0.024112, 0.892053, 0.025436, 2.171912
43008, 155, 50, 0.500000, 0.500000, 10, 100, 1.008000, 0.021925, 0.872310, 0.023210, 2.158602
45056, 155, 50, 0.500000, 0.500000, 10, 100, 1.008000, 0.020560, 0.870807, 0.021727, 2.154200
47104, 155, 50, 0.500000, 0.500000, 10, 100, 1.008000, 0.020974, 0.888050, 0.022144, 2.176979
49152, 155, 50, 0.500000, 0.500000, 10, 100, 1.008000, 0.020075, 0.875819, 0.021349, 2.162991
51200, 155, 50, 0.500000, 0.500000, 10, 100, 1.008000, 0.019416, 0.875088, 0.020688, 2.155919
0, 155, 50, 0.500000, 0.500000, 10, 100, 1.009000, 0.399168, 0.442219, 0.400408, 1.730676
2048, 155, 50, 0.500000, 0.500000, 10, 100, 1.009000, 0.205812, 0.597871, 0.207036, 1.885567
4096, 155, 50, 0.500000, 0.500000, 10, 100, 1.009000, 0.130898, 0.665395, 0.132162, 1.949160
6144, 155, 50, 0.500000, 0.500000, 10, 100, 1.009000, 0.094072, 0.681776, 0.095238, 1.966814
8192, 155, 50, 0.500000, 0.500000, 10, 100, 1.009000, 0.073644, 0.695855, 0.074969, 1.977216
10240, 155, 50, 0.500000, 0.500000, 10, 100, 1.009000, 0.061142, 0.710543, 0.062364, 1.994122
12288, 155, 50, 0.500000, 0.500000, 10, 100, 1.009000, 0.053199, 0.720052, 0.054357, 2.006753
14336, 155, 50, 0.500000, 0.500000, 10, 100, 1.009000, 0.045604, 0.713165, 0.046850, 1.992259
16384, 155, 50, 0.500000, 0.500000, 10, 100, 1.009000, 0.041553, 0.731950, 0.042764, 2.020515
18432, 155, 50, 0.500000, 0.500000, 10, 100, 1.009000, 0.037728, 0.729514, 0.038952, 2.018385
20480, 155, 50, 0.500000, 0.500000, 10, 100, 1.009000, 0.035505, 0.744980, 0.036651, 2.031367
22528, 155, 50, 0.500000, 0.500000, 10, 100, 1.009000, 0.031509, 0.733739, 0.032757, 2.017022
24576, 155, 50, 0.500000, 0.500000, 10, 100, 1.009000, 0.029628, 0.745498, 0.030744, 2.033690
26624, 155, 50, 0.500000, 0.500000, 10, 100, 1.009000, 0.027350, 0.739256, 0.028540, 2.024631
28672, 155, 50, 0.500000, 0.500000, 10, 100, 1.009000, 0.025865, 0.738254, 0.027108, 2.027259
30720, 155, 50, 0.500000, 0.500000, 10, 100, 1.009000, 0.024515, 0.743990, 0.025666, 2.028598
32768, 155, 50, 0.500000, 0.500000, 10, 100, 1.009000, 0.023068, 0.740428, 0.024257, 2.030760
34816, 155, 50, 0.500000, 0.500000, 10, 100, 1.009000, 0.021416, 0.731820, 0.022605, 2.018945
36864, 155, 50, 0.500000, 0.500000, 10, 100, 1.009000, 0.021173, 0.739692, 0.022392, 2.022753
38912, 155, 50, 0.500000, 0.500000, 10, 100, 1.009000, 0.020840, 0.747420, 0.022145, 2.032535
40960, 155, 50, 0.500000, 0.500000, 10, 100, 1.009000, 0.019581, 0.735546, 0.020868, 2.015038
43008, 155, 50, 0.500000, 0.500000, 10, 100, 1.009000, 0.020085, 0.764045, 0.021426, 2.049612
45056, 155, 50, 0.500000, 0.500000, 10, 100, 1.009000, 0.018546, 0.754742, 0.019762, 2.045348
47104, 155, 50, 0.500000, 0.500000, 10, 100, 1.009000, 0.017299, 0.744203, 0.018420, 2.029398
49152, 155, 50, 0.500000, 0.500000, 10, 100, 1.009000, 0.017297, 0.739035, 0.018535, 2.021664
51200, 155, 50, 0.500000, 0.500000, 10, 100, 1.009000, 0.016141, 0.743259, 0.017492, 2.027654
0, 155, 50, 0.500000, 0.500000, 10, 100, 1.010000, 0.340192, 0.374751, 0.341359, 1.667217
2048, 155, 50, 0.500000, 0.500000, 10, 100, 1.010000, 0.175281, 0.500673, 0.176446, 1.794965
4096, 155, 50, 0.500000, 0.500000, 10, 100, 1.010000, 0.111636, 0.563794, 0.112860, 1.848100
6144, 155, 50, 0.500000, 0.500000, 10, 100, 1.010000, 0.079288, 0.571209, 0.080446, 1.857433
8192, 155, 50, 0.500000, 0.500000, 10, 100, 1.010000, 0.063034, 0.577840, 0.064357, 1.865628
10240, 155, 50, 0.500000, 0.500000, 10, 100, 1.010000, 0.052093, 0.599706, 0.053269, 1.888322
12288, 155, 50, 0.500000, 0.500000, 10, 100, 1.010000, 0.044454, 0.604368, 0.045644, 1.893456
14336, 155, 50, 0.500000, 0.500000, 10, 100, 1.010000, 0.039342, 0.615990, 0.040559, 1.901834
16384, 155, 50, 0.500000, 0.500000, 10, 100, 1.010000, 0.036246, 0.621985, 0.037397, 1.907318
18432, 155, 50, 0.500000, 0.500000, 10, 100, 1.010000, 0.031372, 0.608781, 0.032641, 1.889933
20480, 155, 50, 0.500000, 0.500000, 10, 100, 1.010000, 0.028986, 0.611953, 0.030182, 1.894594
22528, 155, 50, 0.500000, 0.500000, 10, 100, 1.010000, 0.026088, 0.615395, 0.027399, 1.901304
24576, 155, 50, 0.500000, 0.500000, 10, 100, 1.010000, 0.025210, 0.626237, 0.026423, 1.913454
26624, 155, 50, 0.500000, 0.500000, 10, 100, 1.010000, 0.023129, 0.621412, 0.024310, 1.909396
28672, 155, 50, 0.500000, 0.500000, 10, 100, 1.010000, 0.022316, 0.631608, 0.023553, 1.917040
30720, 155, 50, 0.500000, 0.500000, 10, 100, 1.010000, 0.021129, 0.627628, 0.022289, 1.913345
32768, 155, 50, 0.500000, 0.500000, 10, 100, 1.010000, 0.019937, 0.632538, 0.021186, 1.920352
34816, 155, 50, 0.500000, 0.500000, 10, 100, 1.010000, 0.018532, 0.613296, 0.019712, 1.894764
36864, 155, 50, 0.500000, 0.500000, 10, 100, 1.010000, 0.017331, 0.614661, 0.018561, 1.900443
38912, 155, 50, 0.500000, 0.500000, 10, 100, 1.010000, 0.017202, 0.616475, 0.018538, 1.903039
40960, 155, 50, 0.500000, 0.500000, 10, 100, 1.010000, 0.016389, 0.631065, 0.017579, 1.917651
43008, 155, 50, 0.500000, 0.500000, 10, 100, 1.010000, 0.016235, 0.629084, 0.017352, 1.916937
45056, 155, 50, 0.500000, 0.500000, 10, 100, 1.010000, 0.015993, 0.622923, 0.017275, 1.910616
47104, 155, 50, 0.500000, 0.500000, 10, 100, 1.010000, 0.014542, 0.614227, 0.015722, 1.895879
49152, 155, 50, 0.500000, 0.500000, 10, 100, 1.010000, 0.015118, 0.635623, 0.016375, 1.924083
51200, 155, 50, 0.500000, 0.500000, 10, 100, 1.010000, 0.014677, 0.630730, 0.015914, 1.924511
