0, 130, 25, 0.018462, 0.000000
512, 130, 25, 0.010335, 0.000000
1024, 130, 25, 0.009668, 0.000000
1536, 130, 25, 0.009588, 0.000000
2048, 130, 25, 0.009591, 0.000000
2560, 130, 25, 0.009596, 0.000000
3072, 130, 25, 0.009570, 0.000000
3584, 130, 25, 0.009580, 0.000072
4096, 130, 25, 0.009694, 0.000433
4608, 130, 25, 0.008959, 0.004620
5120, 130, 25, 0.009494, 0.000303
5632, 130, 25, 0.008816, 0.005175
6144, 130, 25, 0.008940, 0.003947
6656, 130, 25, 0.008909, 0.003749
7168, 130, 25, 0.008575, 0.002935
7680, 130, 25, 0.008384, 0.003250
8192, 130, 25, 0.007991, 0.005530
8704, 130, 25, 0.009244, 0.008044
9216, 130, 25, 0.007730, 0.005743
9728, 130, 25, 0.007797, 0.007842
10240, 130, 25, 0.007642, 0.005196
10752, 130, 25, 0.007508, 0.004938
11264, 130, 25, 0.007440, 0.005923
11776, 130, 25, 0.009144, 0.007860
12288, 130, 25, 0.007847, 0.007776
12800, 130, 25, 0.006923, 0.006557
13312, 130, 25, 0.007326, 0.008272
13824, 130, 25, 0.006788, 0.006563
14336, 130, 25, 0.008753, 0.007900
14848, 130, 25, 0.007934, 0.008347
15360, 130, 25, 0.006960, 0.007819
15872, 130, 25, 0.007078, 0.008023
16384, 130, 25, 0.006466, 0.007188
16896, 130, 25, 0.006259, 0.007041
17408, 130, 25, 0.006192, 0.007701
17920, 130, 25, 0.006279, 0.007182
18432, 130, 25, 0.006292, 0.007888
18944, 130, 25, 0.008784, 0.008518
19456, 130, 25, 0.006274, 0.007155
19968, 130, 25, 0.008171, 0.008497
20480, 130, 25, 0.007206, 0.008236
20992, 130, 25, 0.006135, 0.007656
21504, 130, 25, 0.008147, 0.009008
22016, 130, 25, 0.010690, 0.007419
22528, 130, 25, 0.006764, 0.008341
23040, 130, 25, 0.005809, 0.008173
23552, 130, 25, 0.005787, 0.008392
24064, 130, 25, 0.006093, 0.007987
24576, 130, 25, 0.005613, 0.008521
25088, 130, 25, 0.005984, 0.007948
25600, 130, 25, 0.005695, 0.008473
26112, 130, 25, 0.006379, 0.008059
26624, 130, 25, 0.005645, 0.008858
27136, 130, 25, 0.008654, 0.008936
27648, 130, 25, 0.007898, 0.009128
28160, 130, 25, 0.009003, 0.008759
28672, 130, 25, 0.006391, 0.008537
29184, 130, 25, 0.005658, 0.009242
29696, 130, 25, 0.007575, 0.009146
30208, 130, 25, 0.005950, 0.008834
30720, 130, 25, 0.008027, 0.008822
31232, 130, 25, 0.007879, 0.009080
31744, 130, 25, 0.006116, 0.007870
32256, 130, 25, 0.005418, 0.008918
32768, 130, 25, 0.006080, 0.009549
33280, 130, 25, 0.006762, 0.008675
33792, 130, 25, 0.005758, 0.008852
34304, 130, 25, 0.005427, 0.009116
34816, 130, 25, 0.005818, 0.008525
35328, 130, 25, 0.006810, 0.008738
35840, 130, 25, 0.009345, 0.007828
36352, 130, 25, 0.005492, 0.008948
36864, 130, 25, 0.007014, 0.009059
37376, 130, 25, 0.005371, 0.008002
37888, 130, 25, 0.005313, 0.009083
38400, 130, 250.005215, 0.008735
38912, 130, 250.007276, 0.009327
39424, 130, 250.005577, 0.008101
39936, 130, 250.005372, 0.008870
40448, 130, 250.006840, 0.008882
40960, 130, 250.005274, 0.009579
41472, 130, 250.007259, 0.008152
41984, 130, 250.005300, 0.008446
42496, 130, 250.006836, 0.009368
43008, 130, 250.005207, 0.009272
43520, 130, 250.005301, 0.009173
44032, 130, 250.005975, 0.008738
44544, 130, 250.005332, 0.009347
45056, 130, 250.007762, 0.009200
45568, 130, 250.007749, 0.008062
46080, 130, 250.005238, 0.008888
46592, 130, 250.006912, 0.008627
47104, 130, 250.008642, 0.008954
47616, 130, 250.005314, 0.009383
48128, 130, 250.007839, 0.008455
48640, 130, 250.005624, 0.008347
49152, 130, 250.005556, 0.009128
49664, 130, 250.006099, 0.008957
50176, 130, 250.007349, 0.008747
50688, 130, 250.005732, 0.009059
51200, 130, 250.005452, 0.008648
51712, 130, 250.005348, 0.008582
52224, 130, 250.008259, 0.009354
52736, 130, 250.008686, 0.008789
53248, 130, 250.005258, 0.009158
53760, 130, 250.006118, 0.009285
54272, 130, 250.005683, 0.007957
54784, 130, 250.005876, 0.010045
55296, 130, 250.005151, 0.009744
55808, 130, 250.012714, 0.006542
56320, 130, 250.006079, 0.008510
56832, 130, 250.007468, 0.008819
57344, 130, 250.005357, 0.008990
57856, 130, 250.008264, 0.009050
58368, 130, 250.005285, 0.009198
58880, 130, 250.005181, 0.010261
59392, 130, 250.006484, 0.007638
59904, 130, 250.008194, 0.008879
60416, 130, 250.005372, 0.008900
60928, 130, 250.006463, 0.008338
61440, 130, 250.007077, 0.008906
61952, 130, 250.006072, 0.008278
62464, 130, 250.012611, 0.006010
62976, 130, 250.009601, 0.008050
63488, 130, 250.005887, 0.008936
64000, 130, 250.005668, 0.008509
64512, 130, 250.005312, 0.009729
65024, 130, 250.005752, 0.008879
65536, 130, 250.013353, 0.005842
66048, 130, 250.007054, 0.008756
66560, 130, 250.006736, 0.009257
67072, 130, 250.005205, 0.009489
67584, 130, 250.005333, 0.009329
68096, 130, 250.005185, 0.009113
68608, 130, 250.005217, 0.009486
69120, 130, 250.005951, 0.008350
69632, 130, 250.005840, 0.008332
70144, 130, 250.007134, 0.008978
70656, 130, 250.006885, 0.008903
71168, 130, 250.005878, 0.009023
71680, 130, 250.008524, 0.008738
72192, 130, 250.006669, 0.009110
72704, 130, 250.006976, 0.009200
73216, 130, 250.005220, 0.009657
73728, 130, 250.006238, 0.008647
74240, 130, 250.005368, 0.008602
74752, 130, 250.006163, 0.009978
75264, 130, 250.005996, 0.008834
75776, 130, 250.008933, 0.008497
76288, 130, 250.005490, 0.009669
76800, 130, 250.005172, 0.009299
77312, 130, 250.005841, 0.008605
77824, 130, 250.005101, 0.009512
78336, 130, 250.006543, 0.008665
78848, 130, 250.006744, 0.008617
79360, 130, 250.005769, 0.008116
79872, 130, 250.005626, 0.008479
80384, 130, 250.007666, 0.008936
80896, 130, 250.005401, 0.009029
81408, 130, 250.005272, 0.009179
81920, 130, 250.005902, 0.008885
82432, 130, 250.005461, 0.009768
82944, 130, 250.005134, 0.010077
83456, 130, 250.007101, 0.009035
83968, 130, 250.007095, 0.009197
84480, 130, 250.007783, 0.009218
84992, 130, 250.007631, 0.009525
85504, 130, 250.005601, 0.008696
86016, 130, 250.005194, 0.009233
86528, 130, 250.006878, 0.008900
87040, 130, 250.005441, 0.008951
87552, 130, 250.005916, 0.008705
88064, 130, 250.007238, 0.008200
88576, 130, 250.013592, 0.005908
89088, 130, 250.005495, 0.009531
89600, 130, 250.005509, 0.009098
90112, 130, 250.004972, 0.009573
90624, 130, 250.006358, 0.008894
91136, 130, 250.006027, 0.010522
91648, 130, 250.005496, 0.008356
92160, 130, 250.006905, 0.008632
92672, 130, 250.006349, 0.008957
93184, 130, 250.006023, 0.008708
93696, 130, 250.005095, 0.008569
94208, 130, 250.005131, 0.009582
94720, 130, 250.005435, 0.008981
95232, 130, 250.005301, 0.008882
95744, 130, 250.006371, 0.009161
96256, 130, 250.004905, 0.009828
96768, 130, 250.005451, 0.008587
97280, 130, 250.007046, 0.008798
97792, 130, 250.005006, 0.009203
98304, 130, 250.005453, 0.008572
98816, 130, 250.006582, 0.008536
99328, 130, 250.005577, 0.009431
99840, 130, 250.005566, 0.009425
0, 140, 250.059761, 0.000000
512, 140, 250.037228, 0.000000
1024, 140, 250.035351, 0.000067
1536, 140, 250.030927, 0.021852
2048, 140, 250.030444, 0.022896
2560, 140, 250.029509, 0.025512
3072, 140, 250.031074, 0.016737
3584, 140, 250.033531, 0.006901
4096, 140, 250.028410, 0.024792
4608, 140, 250.025633, 0.036957
5120, 140, 250.029862, 0.015004
5632, 140, 250.026741, 0.024173
6144, 140, 250.024228, 0.030059
6656, 140, 250.025018, 0.024589
7168, 140, 250.021319, 0.036117
7680, 140, 250.021416, 0.032262
8192, 140, 250.024270, 0.039900
8704, 140, 250.022104, 0.023291
9216, 140, 250.019711, 0.034103
9728, 140, 250.019552, 0.034444
10240, 140, 250.019708, 0.042575
10752, 140, 250.019219, 0.034647
11264, 140, 250.024240, 0.041275
11776, 140, 250.023543, 0.042374
12288, 140, 250.022908, 0.042101
12800, 140, 250.019196, 0.042441
13312, 140, 250.017308, 0.039225
13824, 140, 250.017048, 0.033657
14336, 140, 250.017283, 0.042352
14848, 140, 250.022770, 0.043797
15360, 140, 250.023465, 0.043746
15872, 140, 250.015621, 0.036349
16384, 140, 250.020858, 0.045289
16896, 140, 250.031551, 0.034213
17408, 140, 250.014963, 0.040545
17920, 140, 250.018036, 0.045069
18432, 140, 250.014396, 0.037072
18944, 140, 250.016701, 0.043582
19456, 140, 250.016752, 0.041817
19968, 140, 250.020928, 0.045848
20480, 140, 250.013858, 0.039778
20992, 140, 250.020434, 0.045150
21504, 140, 250.014100, 0.039912
22016, 140, 250.013453, 0.041822
22528, 140, 250.016618, 0.048522
23040, 140, 250.019818, 0.042531
23552, 140, 250.022448, 0.044907
24064, 140, 250.026526, 0.040425
24576, 140, 250.013365, 0.039850
25088, 140, 250.022422, 0.044531
25600, 140, 250.020950, 0.045036
26112, 140, 250.013209, 0.043594
26624, 140, 250.013114, 0.042098
27136, 140, 250.015273, 0.043371
27648, 140, 250.020193, 0.046489
28160, 140, 250.012911, 0.038935
28672, 140, 250.018462, 0.045795
29184, 140, 250.012762, 0.041839
29696, 140, 250.033613, 0.033064
30208, 140, 250.013847, 0.046118
30720, 140, 250.016050, 0.046559
31232, 140, 250.011805, 0.042235
31744, 140, 250.022776, 0.043212
32256, 140, 250.021011, 0.046498
32768, 140, 250.016017, 0.044498
33280, 140, 250.013154, 0.041996
33792, 140, 250.012085, 0.039167
34304, 140, 250.024177, 0.043728
34816, 140, 250.034828, 0.031367
35328, 140, 250.013286, 0.040982
35840, 140, 250.013548, 0.046533
36352, 140, 250.016445, 0.045741
36864, 140, 250.012683, 0.042882
37376, 140, 250.015721, 0.046606
37888, 140, 250.022748, 0.043956
38400, 140, 250.015422, 0.045465
38912, 140, 250.017965, 0.047128
39424, 140, 250.015771, 0.046935
39936, 140, 250.012811, 0.043155
40448, 140, 250.012302, 0.044762
40960, 140, 250.012436, 0.042109
41472, 140, 250.024744, 0.042371
41984, 140, 250.013037, 0.046343
42496, 140, 250.012747, 0.041043
43008, 140, 250.022334, 0.044815
43520, 140, 250.036092, 0.029122
44032, 140, 250.013130, 0.043998
44544, 140, 250.034239, 0.032207
45056, 140, 250.012123, 0.045738
45568, 140, 250.010893, 0.042842
46080, 140, 250.040712, 0.025629
46592, 140, 250.012088, 0.042893
47104, 140, 250.011935, 0.044073
47616, 140, 250.015801, 0.047096
48128, 140, 250.017365, 0.046461
48640, 140, 250.015540, 0.045225
49152, 140, 250.015608, 0.045672
49664, 140, 250.035294, 0.029961
50176, 140, 250.014881, 0.043616
50688, 140, 250.023566, 0.044338
51200, 140, 250.023385, 0.043371
51712, 140, 250.011047, 0.040896
52224, 140, 250.011158, 0.041186
52736, 140, 250.035203, 0.029543
53248, 140, 250.016386, 0.047451
53760, 140, 250.012401, 0.042182
54272, 140, 250.022730, 0.043733
54784, 140, 250.022712, 0.044062
55296, 140, 250.012315, 0.041783
55808, 140, 250.053284, 0.016148
56320, 140, 250.011836, 0.040729
56832, 140, 250.015815, 0.046425
57344, 140, 250.015468, 0.047181
57856, 140, 250.024647, 0.042076
58368, 140, 250.016962, 0.047156
58880, 140, 250.020844, 0.044977
59392, 140, 250.015785, 0.047254
59904, 140, 250.012476, 0.039571
60416, 140, 250.011168, 0.043465
60928, 140, 250.011685, 0.038227
61440, 140, 250.013439, 0.038991
61952, 140, 250.020533, 0.044977
62464, 140, 250.015969, 0.047878
62976, 140, 250.010974, 0.037443
63488, 140, 250.015494, 0.045410
64000, 140, 250.010448, 0.044922
64512, 140, 250.030183, 0.036255
65024, 140, 250.014528, 0.042919
65536, 140, 250.012843, 0.044344
66048, 140, 250.017688, 0.047633
66560, 140, 250.015340, 0.046261
67072, 140, 250.011104, 0.041764
67584, 140, 250.020450, 0.043826
68096, 140, 250.034257, 0.031881
68608, 140, 250.011881, 0.043761
69120, 140, 250.015190, 0.048225
69632, 140, 250.025452, 0.040344
70144, 140, 250.015155, 0.045050
70656, 140, 250.026377, 0.040852
71168, 140, 250.025600, 0.040127
71680, 140, 250.019431, 0.042133
72192, 140, 250.020643, 0.046560
72704, 140, 250.014828, 0.045673
73216, 140, 250.012749, 0.041784
73728, 140, 250.022646, 0.043034
74240, 140, 250.037081, 0.028464
74752, 140, 250.012162, 0.043581
75264, 140, 250.014343, 0.042903
75776, 140, 250.016784, 0.046429
76288, 140, 250.013878, 0.040275
76800, 140, 250.010001, 0.045653
77312, 140, 250.015147, 0.047698
77824, 140, 250.019194, 0.043329
78336, 140, 250.015111, 0.046618
78848, 140, 250.014690, 0.042944
79360, 140, 250.011871, 0.044738
79872, 140, 250.012544, 0.042180
80384, 140, 250.034724, 0.030735
80896, 140, 250.009952, 0.045885
81408, 140, 250.014850, 0.046802
81920, 140, 250.011729, 0.043857
82432, 140, 250.011203, 0.044808
82944, 140, 250.019023, 0.045899
83456, 140, 250.010928, 0.037636
83968, 140, 250.010154, 0.047307
84480, 140, 250.021885, 0.044495
84992, 140, 250.016178, 0.046618
85504, 140, 250.011447, 0.044708
86016, 140, 250.024402, 0.041466
86528, 140, 250.020384, 0.045380
87040, 140, 250.018813, 0.042660
87552, 140, 250.022657, 0.044395
88064, 140, 250.014926, 0.044758
88576, 140, 250.024403, 0.040521
89088, 140, 250.024506, 0.041285
89600, 140, 250.019580, 0.045121
90112, 140, 250.010671, 0.042694
90624, 140, 250.010609, 0.045109
91136, 140, 250.015139, 0.045519
91648, 140, 250.022325, 0.044252
92160, 140, 250.010821, 0.042626
92672, 140, 250.011564, 0.043382
93184, 140, 250.022874, 0.043382
93696, 140, 250.012675, 0.048055
94208, 140, 250.020387, 0.043943
94720, 140, 250.035309, 0.029348
95232, 140, 250.011363, 0.045818
95744, 140, 250.016010, 0.047123
96256, 140, 250.022064, 0.044019
96768, 140, 250.016370, 0.047520
97280, 140, 250.019308, 0.042808
97792, 140, 250.015233, 0.046836
98304, 140, 250.020904, 0.046223
98816, 140, 250.010586, 0.043121
99328, 140, 250.012601, 0.040437
99840, 140, 250.013802, 0.043210
0, 150, 250.167427, 0.000000
512, 150, 250.114688, 0.000000
1024, 150, 250.088257, 0.105850
1536, 150, 250.087642, 0.075806
2048, 150, 250.077000, 0.114015
2560, 150, 250.074367, 0.127045
3072, 150, 250.078252, 0.141860
3584, 150, 250.067230, 0.137491
4096, 150, 250.070003, 0.144319
4608, 150, 250.061504, 0.146938
5120, 150, 250.074320, 0.136010
5632, 150, 250.074361, 0.135641
6144, 150, 250.058462, 0.150460
6656, 150, 250.075958, 0.132392
7168, 150, 250.076220, 0.131528
7680, 150, 250.076801, 0.130499
8192, 150, 250.054407, 0.157172
8704, 150, 250.045417, 0.162352
9216, 150, 250.107281, 0.096722
9728, 150, 250.049913, 0.166013
10240, 150, 250.124357, 0.080809
10752, 150, 250.055961, 0.157308
11264, 150, 250.052498, 0.162036
11776, 150, 250.080745, 0.122976
12288, 150, 250.079330, 0.123836
12800, 150, 250.052510, 0.162077
13312, 150, 250.051626, 0.163452
13824, 150, 250.080243, 0.123409
14336, 150, 250.053664, 0.160015
14848, 150, 250.081291, 0.120909
15360, 150, 250.051015, 0.163691
15872, 150, 250.052459, 0.161496
16384, 150, 250.080677, 0.120732
16896, 150, 250.060724, 0.151609
17408, 150, 250.080983, 0.120128
17920, 150, 250.081344, 0.119555
18432, 150, 250.072177, 0.133129
18944, 150, 250.082829, 0.116124
19456, 150, 250.051051, 0.165730
19968, 150, 250.050738, 0.164711
20480, 150, 250.081810, 0.119050
20992, 150, 250.034813, 0.176670
21504, 150, 250.081728, 0.119514
22016, 150, 250.100304, 0.095776
22528, 150, 250.082837, 0.114875
23040, 150, 250.031389, 0.155874
23552, 150, 250.082329, 0.117499
24064, 150, 250.082636, 0.118004
24576, 150, 250.082462, 0.116184
25088, 150, 250.050581, 0.166959
25600, 150, 250.073177, 0.131354
26112, 150, 250.028223, 0.167787
26624, 150, 250.050408, 0.167178
27136, 150, 250.084235, 0.113440
27648, 150, 250.073999, 0.129579
28160, 150, 250.060551, 0.152133
28672, 150, 250.082278, 0.117194
29184, 150, 250.051539, 0.163021
29696, 150, 250.033105, 0.172096
30208, 150, 250.084004, 0.113854
30720, 150, 250.033295, 0.175850
31232, 150, 250.083067, 0.115901
31744, 150, 250.083791, 0.115218
32256, 150, 250.082986, 0.115867
32768, 150, 250.050594, 0.166710
33280, 150, 250.082829, 0.116570
33792, 150, 250.072673, 0.132714
34304, 150, 250.082804, 0.117138
34816, 150, 250.049109, 0.169303
35328, 150, 250.084785, 0.112144
35840, 150, 250.074250, 0.129202
36352, 150, 250.031379, 0.172054
36864, 150, 250.140789, 0.052790
37376, 150, 250.048881, 0.166301
37888, 150, 250.121839, 0.069890
38400, 150, 250.049279, 0.167007
38912, 150, 250.031040, 0.172695
39424, 150, 250.031585, 0.172031
39936, 150, 250.103386, 0.090296
40448, 150, 250.049619, 0.167126
40960, 150, 250.025756, 0.134039
41472, 150, 250.072744, 0.133078
41984, 150, 250.049519, 0.169892
42496, 150, 250.083305, 0.116280
43008, 150, 250.072101, 0.133970
43520, 150, 250.050470, 0.166812
44032, 150, 250.049410, 0.168328
44544, 150, 250.084937, 0.112451
45056, 150, 250.083245, 0.116486
45568, 150, 250.049425, 0.168771
46080, 150, 250.083991, 0.115562
46592, 150, 250.142297, 0.050291
47104, 150, 250.031143, 0.174507
47616, 150, 250.084382, 0.113844
48128, 150, 250.051045, 0.164881
48640, 150, 250.073904, 0.131201
49152, 150, 250.031814, 0.179549
49664, 150, 250.049760, 0.167518
50176, 150, 250.062758, 0.148195
50688, 150, 250.083704, 0.115371
51200, 150, 250.083221, 0.116067
51712, 150, 250.048801, 0.166860
52224, 150, 250.141863, 0.051314
52736, 150, 250.103325, 0.090157
53248, 150, 250.084656, 0.111664
53760, 150, 250.142147, 0.050489
54272, 150, 250.084991, 0.113440
54784, 150, 250.087112, 0.108657
55296, 150, 250.050345, 0.167120
55808, 150, 250.032229, 0.170246
56320, 150, 250.061048, 0.150541
56832, 150, 250.050341, 0.166177
57344, 150, 250.085202, 0.111419
57856, 150, 250.064320, 0.144047
58368, 150, 250.025933, 0.169397
58880, 150, 250.062789, 0.148022
59392, 150, 250.061503, 0.148794
59904, 150, 250.084334, 0.112257
60416, 150, 250.050085, 0.166117
60928, 150, 250.062012, 0.148838
61440, 150, 250.084217, 0.114543
61952, 150, 250.051856, 0.164045
62464, 150, 250.073312, 0.130393
62976, 150, 250.083638, 0.114226
63488, 150, 250.141886, 0.050871
64000, 150, 250.049201, 0.168801
64512, 150, 250.084930, 0.112250
65024, 150, 250.083404, 0.114744
65536, 150, 250.048943, 0.167969
66048, 150, 250.038686, 0.175201
66560, 150, 250.141912, 0.050358
67072, 150, 250.062651, 0.147221
67584, 150, 250.047810, 0.169411
68096, 150, 250.083654, 0.114457
68608, 150, 250.082887, 0.114256
69120, 150, 250.141993, 0.050217
69632, 150, 250.050980, 0.163724
70144, 150, 250.122595, 0.067824
70656, 150, 250.142046, 0.050332
71168, 150, 250.032067, 0.178741
71680, 150, 250.083823, 0.115167
72192, 150, 250.048762, 0.169245
72704, 150, 250.049042, 0.168919
73216, 150, 250.049290, 0.167898
73728, 150, 250.103199, 0.090760
74240, 150, 250.082795, 0.115753
74752, 150, 250.083921, 0.113941
75264, 150, 250.072168, 0.132564
75776, 150, 250.049158, 0.167415
76288, 150, 250.082708, 0.115425
76800, 150, 250.083640, 0.114048
77312, 150, 250.084008, 0.112561
77824, 150, 250.043156, 0.178991
78336, 150, 250.030950, 0.178376
78848, 150, 250.050739, 0.164557
79360, 150, 250.049034, 0.167210
79872, 150, 250.042988, 0.177405
80384, 150, 250.083366, 0.115556
80896, 150, 250.083893, 0.112999
81408, 150, 250.050228, 0.164986
81920, 150, 250.142036, 0.050259
82432, 150, 250.083341, 0.114331
82944, 150, 250.049123, 0.167529
83456, 150, 250.049300, 0.167035
83968, 150, 250.084102, 0.114485
84480, 150, 250.022562, 0.157847
84992, 150, 250.142499, 0.050136
85504, 150, 250.083623, 0.114963
86016, 150, 250.049086, 0.169453
86528, 150, 250.071931, 0.133666
87040, 150, 250.142357, 0.050014
87552, 150, 250.142129, 0.049327
88064, 150, 250.049330, 0.166398
88576, 150, 250.107071, 0.084197
89088, 150, 250.082800, 0.115904
89600, 150, 250.051547, 0.164713
90112, 150, 250.030035, 0.178665
90624, 150, 250.073198, 0.130486
91136, 150, 250.084390, 0.112082
91648, 150, 250.083547, 0.115298
92160, 150, 250.049343, 0.167983
92672, 150, 250.084867, 0.112046
93184, 150, 250.083181, 0.115886
93696, 150, 250.050124, 0.167231
94208, 150, 250.083714, 0.115519
94720, 150, 250.123351, 0.066764
95232, 150, 250.048836, 0.170349
95744, 150, 250.142881, 0.049457
96256, 150, 250.060413, 0.151903
96768, 150, 250.050234, 0.166630
97280, 150, 250.051498, 0.164860
97792, 150, 250.084900, 0.112594
98304, 150, 250.084292, 0.113500
98816, 150, 250.142821, 0.050032
99328, 150, 250.030840, 0.172016
99840, 150, 250.123203, 0.067712
0, 130, 500.084996, 0.000000
512, 130, 500.053457, 0.000006
1024, 130, 500.050071, 0.000620
1536, 130, 500.049458, 0.000979
2048, 130, 500.049294, 0.001107
2560, 130, 500.049132, 0.001250
3072, 130, 500.048263, 0.002205
3584, 130, 500.047518, 0.002917
4096, 130, 500.033263, 0.022687
4608, 130, 500.047121, 0.002921
5120, 130, 500.033647, 0.018333
5632, 130, 500.041082, 0.008728
6144, 130, 500.023352, 0.034061
6656, 130, 500.023265, 0.030242
7168, 130, 500.034903, 0.014001
7680, 130, 500.025279, 0.025416
8192, 130, 500.027568, 0.021536
8704, 130, 500.019116, 0.033613
9216, 130, 500.028406, 0.020168
9728, 130, 500.021666, 0.035066
10240, 130, 500.023636, 0.024650
10752, 130, 500.016917, 0.036140
11264, 130, 500.018487, 0.031350
11776, 130, 500.022548, 0.025532
12288, 130, 500.021568, 0.027269
12800, 130, 500.016022, 0.034465
13312, 130, 500.016035, 0.033830
13824, 130, 500.015754, 0.033746
14336, 130, 500.016169, 0.037597
14848, 130, 500.014182, 0.037271
15360, 130, 500.014929, 0.033425
15872, 130, 500.014804, 0.034305
16384, 130, 500.019720, 0.027225
16896, 130, 500.014952, 0.038698
17408, 130, 500.019496, 0.027768
17920, 130, 500.014848, 0.033489
18432, 130, 500.015879, 0.032050
18944, 130, 500.014441, 0.040493
19456, 130, 500.013966, 0.033887
19968, 130, 500.016143, 0.030308
20480, 130, 500.012233, 0.036753
20992, 130, 500.023998, 0.037667
21504, 130, 500.015025, 0.031753
22016, 130, 500.012176, 0.036075
22528, 130, 500.015282, 0.031076
23040, 130, 500.013138, 0.032411
23552, 130, 500.012742, 0.034416
24064, 130, 500.010958, 0.037352
24576, 130, 500.015881, 0.029913
25088, 130, 500.011237, 0.037349
25600, 130, 500.011241, 0.036864
26112, 130, 500.012401, 0.034979
26624, 130, 500.010888, 0.038168
27136, 130, 500.013624, 0.032880
27648, 130, 500.013492, 0.033359
28160, 130, 500.010278, 0.040149
28672, 130, 500.018302, 0.040258
29184, 130, 500.012484, 0.034765
29696, 130, 500.010377, 0.040453
30208, 130, 500.014640, 0.031067
30720, 130, 500.012676, 0.033810
31232, 130, 500.012321, 0.034082
31744, 130, 500.011449, 0.035476
32256, 130, 500.011184, 0.035268
32768, 130, 500.010701, 0.035690
33280, 130, 500.010226, 0.040058
33792, 130, 500.009687, 0.040802
34304, 130, 500.010436, 0.037066
34816, 130, 500.011833, 0.034155
35328, 130, 500.010595, 0.039002
35840, 130, 500.012821, 0.032817
36352, 130, 500.013273, 0.032553
36864, 130, 500.012145, 0.034239
37376, 130, 500.010089, 0.037132
37888, 130, 500.013126, 0.032177
38400, 130, 500.013071, 0.032381
38912, 130, 500.012826, 0.032503
39424, 130, 500.012163, 0.039972
39936, 130, 500.011031, 0.041263
40448, 130, 500.009855, 0.037682
40960, 130, 500.009803, 0.038643
41472, 130, 500.012100, 0.033616
41984, 130, 500.010019, 0.038292
42496, 130, 500.010039, 0.037344
43008, 130, 500.010522, 0.036488
43520, 130, 500.009533, 0.038154
44032, 130, 500.009393, 0.040255
44544, 130, 500.012038, 0.033551
45056, 130, 500.012074, 0.034660
45568, 130, 500.011041, 0.039047
46080, 130, 500.009449, 0.037936
46592, 130, 500.009671, 0.039883
47104, 130, 500.012108, 0.034188
47616, 130, 500.010554, 0.037151
48128, 130, 500.012573, 0.033057
48640, 130, 500.009571, 0.037478
49152, 130, 500.019060, 0.038590
49664, 130, 500.009685, 0.041845
50176, 130, 500.009545, 0.039797
50688, 130, 500.014579, 0.041998
51200, 130, 500.009824, 0.037256
51712, 130, 500.010050, 0.036221
52224, 130, 500.010845, 0.035606
52736, 130, 500.017279, 0.038429
53248, 130, 500.011052, 0.036071
53760, 130, 500.011506, 0.038016
54272, 130, 500.010608, 0.036552
54784, 130, 500.010161, 0.035816
55296, 130, 500.009820, 0.037420
55808, 130, 500.011545, 0.039820
56320, 130, 500.011376, 0.040845
56832, 130, 500.009181, 0.039984
57344, 130, 500.010686, 0.039297
57856, 130, 500.009285, 0.037338
58368, 130, 500.008997, 0.037891
58880, 130, 500.009191, 0.038909
59392, 130, 500.010247, 0.035901
59904, 130, 500.010541, 0.035316
60416, 130, 500.010499, 0.034555
60928, 130, 500.009069, 0.038400
61440, 130, 500.012484, 0.032410
61952, 130, 500.009080, 0.038196
62464, 130, 500.011085, 0.034511
62976, 130, 500.012224, 0.040950
63488, 130, 500.010435, 0.039493
64000, 130, 500.012347, 0.032774
64512, 130, 500.010727, 0.039714
65024, 130, 500.010959, 0.035220
65536, 130, 500.011400, 0.034843
66048, 130, 500.010017, 0.041219
66560, 130, 500.009920, 0.038855
67072, 130, 500.014957, 0.040205
67584, 130, 500.010281, 0.035884
68096, 130, 500.009529, 0.039958
68608, 130, 500.009920, 0.039213
69120, 130, 500.010333, 0.037706
69632, 130, 500.011960, 0.032757
70144, 130, 500.009750, 0.039179
70656, 130, 500.011040, 0.034068
71168, 130, 500.010173, 0.035815
71680, 130, 500.017557, 0.038724
72192, 130, 500.011104, 0.038508
72704, 130, 500.010855, 0.034816
73216, 130, 500.009501, 0.038044
73728, 130, 500.009817, 0.039648
74240, 130, 500.009674, 0.036323
74752, 130, 500.010060, 0.034771
75264, 130, 500.010442, 0.034905
75776, 130, 500.009288, 0.038114
76288, 130, 500.009934, 0.036031
76800, 130, 500.010248, 0.038485
77312, 130, 500.009355, 0.036505
77824, 130, 500.013487, 0.040238
78336, 130, 500.009682, 0.041322
78848, 130, 500.009588, 0.038091
79360, 130, 500.011716, 0.033299
79872, 130, 500.009371, 0.037863
80384, 130, 500.009482, 0.037810
80896, 130, 500.009863, 0.039467
81408, 130, 500.011963, 0.033405
81920, 130, 500.009705, 0.036490
82432, 130, 500.011955, 0.032978
82944, 130, 500.009329, 0.038287
83456, 130, 500.010390, 0.037843
83968, 130, 500.009033, 0.040537
84480, 130, 500.009952, 0.039755
84992, 130, 500.009353, 0.037270
85504, 130, 500.009864, 0.036646
86016, 130, 500.008509, 0.040730
86528, 130, 500.009254, 0.037567
87040, 130, 500.009877, 0.039324
87552, 130, 500.009121, 0.038809
88064, 130, 500.012284, 0.039914
88576, 130, 500.009189, 0.036814
89088, 130, 500.011735, 0.033423
89600, 130, 500.009794, 0.036289
90112, 130, 500.009850, 0.037649
90624, 130, 500.010090, 0.041984
91136, 130, 500.010808, 0.035570
91648, 130, 500.010073, 0.039624
92160, 130, 500.011870, 0.033723
92672, 130, 500.009928, 0.038741
93184, 130, 500.010572, 0.035536
93696, 130, 500.010373, 0.036251
94208, 130, 500.009750, 0.035734
94720, 130, 500.009986, 0.036896
95232, 130, 500.010167, 0.039119
95744, 130, 500.014120, 0.040808
96256, 130, 500.011525, 0.034260
96768, 130, 500.010035, 0.037025
97280, 130, 500.011608, 0.033619
97792, 130, 500.009729, 0.036182
98304, 130, 500.011732, 0.033556
98816, 130, 500.010345, 0.036003
99328, 130, 500.009633, 0.039217
99840, 130, 500.015044, 0.039229
0, 140, 500.627551, 0.000000
512, 140, 500.477434, 0.000789
1024, 140, 500.435148, 0.026164
1536, 140, 500.192236, 0.277324
2048, 140, 500.194580, 0.266055
2560, 140, 500.250102, 0.202137
3072, 140, 500.238510, 0.211023
3584, 140, 500.153642, 0.326666
4096, 140, 500.136853, 0.333283
4608, 140, 500.137577, 0.310919
5120, 140, 500.124718, 0.319568
5632, 140, 500.109732, 0.349411
6144, 140, 500.123133, 0.306851
6656, 140, 500.105085, 0.355580
7168, 140, 500.166944, 0.332399
7680, 140, 500.091639, 0.347521
8192, 140, 500.111146, 0.365013
8704, 140, 500.083013, 0.352197
9216, 140, 500.091940, 0.357079
9728, 140, 500.123561, 0.358640
10240, 140, 500.077513, 0.367181
10752, 140, 500.075253, 0.354159
11264, 140, 500.128068, 0.354074
11776, 140, 500.123347, 0.358853
12288, 140, 500.093763, 0.319303
12800, 140, 500.066377, 0.356981
13312, 140, 500.091154, 0.373479
13824, 140, 500.104086, 0.367035
14336, 140, 500.064572, 0.347240
14848, 140, 500.197661, 0.312906
15360, 140, 500.086312, 0.323472
15872, 140, 500.065040, 0.379926
16384, 140, 500.068959, 0.374954
16896, 140, 500.084934, 0.380527
17408, 140, 500.063991, 0.371073
17920, 140, 500.148965, 0.342252
18432, 140, 500.057527, 0.381618
18944, 140, 500.054082, 0.373595
19456, 140, 500.052628, 0.377425
19968, 140, 500.076363, 0.382245
20480, 140, 500.053610, 0.369411
20992, 140, 500.058704, 0.384866
21504, 140, 500.049204, 0.356692
22016, 140, 500.066043, 0.373472
22528, 140, 500.053575, 0.379203
23040, 140, 500.069090, 0.386434
23552, 140, 500.078007, 0.380435
24064, 140, 500.049319, 0.382447
24576, 140, 500.049653, 0.362626
25088, 140, 500.053018, 0.366650
25600, 140, 500.046018, 0.359973
26112, 140, 500.052537, 0.369392
26624, 140, 500.241020, 0.287963
27136, 140, 500.116513, 0.362832
27648, 140, 500.045267, 0.365233
28160, 140, 500.045309, 0.368922
28672, 140, 500.047507, 0.380473
29184, 140, 500.097043, 0.370733
29696, 140, 500.063852, 0.381295
30208, 140, 500.048246, 0.375910
30720, 140, 500.046551, 0.379508
31232, 140, 500.103639, 0.373888
31744, 140, 500.163030, 0.334875
32256, 140, 500.047126, 0.374890
32768, 140, 500.041557, 0.366387
33280, 140, 500.079893, 0.382714
33792, 140, 500.082893, 0.377767
34304, 140, 500.052561, 0.353651
34816, 140, 500.153120, 0.340479
35328, 140, 500.042304, 0.374842
35840, 140, 500.076260, 0.385235
36352, 140, 500.078163, 0.382041
36864, 140, 500.165183, 0.331645
37376, 140, 500.048901, 0.359157
37888, 140, 500.052424, 0.379070
38400, 140, 500.162072, 0.335921
38912, 140, 500.116081, 0.364841
39424, 140, 500.048151, 0.374288
39936, 140, 500.054365, 0.385114
40448, 140, 500.042012, 0.377395
40960, 140, 500.053899, 0.388848
41472, 140, 500.166425, 0.334644
41984, 140, 500.052261, 0.384148
42496, 140, 500.037969, 0.372175
43008, 140, 500.070967, 0.381762
43520, 140, 500.042205, 0.378230
44032, 140, 500.055601, 0.385373
44544, 140, 500.056369, 0.377175
45056, 140, 500.058058, 0.382187
45568, 140, 500.053488, 0.387988
46080, 140, 500.238178, 0.284910
46592, 140, 500.045292, 0.375978
47104, 140, 500.053666, 0.388464
47616, 140, 500.043842, 0.376925
48128, 140, 500.052717, 0.388505
48640, 140, 500.037616, 0.367724
49152, 140, 500.060021, 0.388717
49664, 140, 500.040695, 0.371837
50176, 140, 500.037985, 0.363752
50688, 140, 500.061301, 0.386271
51200, 140, 500.039093, 0.364114
51712, 140, 500.038752, 0.362193
52224, 140, 500.038423, 0.371405
52736, 140, 500.039022, 0.360774
53248, 140, 500.038464, 0.368131
53760, 140, 500.239719, 0.284590
54272, 140, 500.047104, 0.384928
54784, 140, 500.041199, 0.381932
55296, 140, 500.056682, 0.381917
55808, 140, 500.068125, 0.382991
56320, 140, 500.059089, 0.382400
56832, 140, 500.075842, 0.385656
57344, 140, 500.037390, 0.367234
57856, 140, 500.038440, 0.364026
58368, 140, 500.047494, 0.368639
58880, 140, 500.112160, 0.365295
59392, 140, 500.054225, 0.386404
59904, 140, 500.037006, 0.354619
60416, 140, 500.054760, 0.386514
60928, 140, 500.109139, 0.363376
61440, 140, 500.053267, 0.387178
61952, 140, 500.099750, 0.371856
62464, 140, 500.041044, 0.380722
62976, 140, 500.039733, 0.369444
63488, 140, 500.035734, 0.374006
64000, 140, 500.039923, 0.386648
64512, 140, 500.066932, 0.390059
65024, 140, 500.078366, 0.380160
65536, 140, 500.039894, 0.381743
66048, 140, 500.045952, 0.386978
66560, 140, 500.035831, 0.368629
67072, 140, 500.035216, 0.362015
67584, 140, 500.036109, 0.366147
68096, 140, 500.111086, 0.368336
68608, 140, 500.053151, 0.385408
69120, 140, 500.110976, 0.368524
69632, 140, 500.075982, 0.383460
70144, 140, 500.037528, 0.371455
70656, 140, 500.042170, 0.384093
71168, 140, 500.173122, 0.321523
71680, 140, 500.073669, 0.384454
72192, 140, 500.037126, 0.371094
72704, 140, 500.102777, 0.369146
73216, 140, 500.069306, 0.390501
73728, 140, 500.035460, 0.365116
74240, 140, 500.064909, 0.380209
74752, 140, 500.040027, 0.384327
75264, 140, 500.107975, 0.370574
75776, 140, 500.040172, 0.378007
76288, 140, 500.088716, 0.377657
76800, 140, 500.044571, 0.371662
77312, 140, 500.035216, 0.370339
77824, 140, 500.038820, 0.365891
78336, 140, 500.052860, 0.386923
78848, 140, 500.052865, 0.386033
79360, 140, 500.045947, 0.373785
79872, 140, 500.035294, 0.357306
80384, 140, 500.046361, 0.385005
80896, 140, 500.045340, 0.372662
81408, 140, 500.075064, 0.384398
81920, 140, 500.043758, 0.362501
82432, 140, 500.056102, 0.383007
82944, 140, 500.035945, 0.366398
83456, 140, 500.043814, 0.371985
83968, 140, 500.074660, 0.380200
84480, 140, 500.163782, 0.332211
84992, 140, 500.045421, 0.381371
85504, 140, 500.051997, 0.386687
86016, 140, 500.046153, 0.369963
86528, 140, 500.083416, 0.378374
87040, 140, 500.122056, 0.354797
87552, 140, 500.039273, 0.377073
88064, 140, 500.055923, 0.376787
88576, 140, 500.073221, 0.387208
89088, 140, 500.036134, 0.366449
89600, 140, 500.034931, 0.373729
90112, 140, 500.045699, 0.353376
90624, 140, 500.122220, 0.357996
91136, 140, 500.130523, 0.352387
91648, 140, 500.074640, 0.386768
92160, 140, 500.038235, 0.377547
92672, 140, 500.044245, 0.365953
93184, 140, 500.089443, 0.376245
93696, 140, 500.038011, 0.359076
94208, 140, 500.079724, 0.380050
94720, 140, 500.036117, 0.368662
95232, 140, 500.049075, 0.392200
95744, 140, 500.138509, 0.341115
96256, 140, 500.062787, 0.380766
96768, 140, 500.053639, 0.355476
97280, 140, 500.074128, 0.384555
97792, 140, 500.039242, 0.369688
98304, 140, 500.075605, 0.382638
98816, 140, 500.047707, 0.374225
99328, 140, 500.070679, 0.380081
99840, 140, 500.045672, 0.356882
0, 150, 503.002103, 0.000010
512, 150, 502.678622, 0.028290
1024, 150, 500.757214, 1.743908
1536, 150, 500.597809, 1.837715
2048, 150, 500.506309, 1.908190
2560, 150, 500.480031, 1.919794
3072, 150, 501.008130, 1.580410
3584, 150, 501.046953, 1.549403
4096, 150, 500.503925, 1.908216
4608, 150, 500.372502, 1.963574
5120, 150, 500.371815, 1.922388
5632, 150, 500.441038, 1.949352
6144, 150, 500.871396, 1.660483
6656, 150, 500.454636, 1.945012
7168, 150, 501.313657, 1.378064
7680, 150, 501.046928, 1.532348
8192, 150, 500.650475, 1.812292
8704, 150, 500.434496, 1.951427
9216, 150, 500.339855, 1.193014
9728, 150, 500.908418, 1.625768
10240, 150, 500.348229, 1.961815
10752, 150, 500.649795, 1.806841
11264, 150, 501.172213, 1.438884
11776, 150, 500.436411, 1.952086
12288, 150, 501.175596, 1.433509
12800, 150, 500.661341, 1.799675
13312, 150, 500.349435, 1.984837
13824, 150, 500.339671, 2.011051
14336, 150, 500.164903, 0.099470
14848, 150, 500.852909, 1.662269
15360, 150, 500.383388, 1.993182
15872, 150, 500.279008, 2.040786
16384, 150, 500.659133, 1.799362
16896, 150, 500.611969, 1.831195
17408, 150, 500.669946, 1.785154
17920, 150, 500.439277, 1.954382
18432, 150, 500.283359, 1.999025
18944, 150, 500.658575, 1.801180
19456, 150, 500.938140, 1.601621
19968, 150, 500.439268, 1.952101
20480, 150, 500.435297, 1.953417
20992, 150, 500.675219, 1.789825
21504, 150, 501.200286, 1.420666
22016, 150, 500.528494, 1.884455
22528, 150, 500.950681, 1.592871
23040, 150, 500.515838, 1.901789
23552, 150, 500.394670, 1.972714
24064, 150, 500.671675, 1.785095
24576, 150, 500.675275, 1.788183
25088, 150, 500.774417, 1.714738
25600, 150, 500.958483, 1.587449
26112, 150, 501.196264, 1.412456
26624, 150, 501.204093, 1.416259
27136, 150, 501.104610, 1.478023
27648, 150, 500.335299, 2.019096
28160, 150, 500.789743, 1.706423
28672, 150, 500.433129, 1.955193
29184, 150, 500.678991, 1.784322
29696, 150, 500.680638, 1.785970
30208, 150, 500.952475, 1.584183
30720, 150, 500.959010, 1.587343
31232, 150, 500.948006, 1.586535
31744, 150, 500.949885, 1.590468
32256, 150, 500.156267, 0.085404
32768, 150, 500.947670, 1.585791
33280, 150, 500.678405, 1.786626
33792, 150, 500.674199, 1.778544
34304, 150, 500.881733, 1.638697
34816, 150, 500.679324, 1.785889
35328, 150, 500.680342, 1.778893
35840, 150, 500.677079, 1.786016
36352, 150, 500.877064, 1.636975
36864, 150, 500.952108, 1.584400
37376, 150, 500.329539, 2.021511
37888, 150, 500.529683, 1.882912
38400, 150, 500.682083, 1.783031
38912, 150, 500.951666, 1.586457
39424, 150, 500.857560, 1.654232
39936, 150, 500.200623, 0.025375
40448, 150, 500.602386, 1.831633
40960, 150, 500.437538, 1.954121
41472, 150, 500.445743, 1.947945
41984, 150, 500.666736, 1.791268
42496, 150, 500.601955, 1.837527
43008, 150, 500.451912, 1.943804
43520, 150, 500.952280, 1.585427
44032, 150, 500.435301, 1.949624
44544, 150, 500.671983, 1.783165
45056, 150, 500.515110, 1.894377
45568, 150, 500.428560, 1.959007
46080, 150, 500.952910, 1.580566
46592, 150, 500.672632, 1.786983
47104, 150, 501.210934, 1.410234
47616, 150, 500.267905, 1.732828
48128, 150, 500.872703, 1.638357
48640, 150, 500.436393, 1.954511
49152, 150, 500.955812, 1.586734
49664, 150, 500.964705, 1.583958
50176, 150, 500.794542, 1.703997
50688, 150, 500.786176, 1.699219
51200, 150, 500.280524, 2.055517
51712, 150, 500.268563, 2.048616
52224, 150, 500.784250, 1.701090
52736, 150, 500.437598, 1.950195
53248, 150, 500.329218, 2.026757
53760, 150, 500.674768, 1.785226
54272, 150, 500.958907, 1.584907
54784, 150, 500.678047, 1.782400
55296, 150, 500.688624, 1.775473
55808, 150, 500.285404, 2.026933
56320, 150, 500.123516, 0.072560
56832, 150, 500.683676, 1.781906
57344, 150, 500.956777, 1.585972
57856, 150, 500.692730, 1.778723
58368, 150, 500.524948, 1.890410
58880, 150, 500.430909, 1.961689
59392, 150, 500.687293, 1.781722
59904, 150, 500.525796, 1.893510
60416, 150, 500.959030, 1.581639
60928, 150, 500.271791, 2.062521
61440, 150, 501.363068, 1.337372
61952, 150, 500.285275, 2.020478
62464, 150, 500.449992, 1.952523
62976, 150, 500.379304, 1.997431
63488, 150, 500.673473, 1.785945
64000, 150, 500.687778, 1.784104
64512, 150, 501.267582, 1.391757
65024, 150, 500.389251, 1.992330
65536, 150, 500.281685, 2.028653
66048, 150, 500.682163, 1.784379
66560, 150, 500.537232, 1.890140
67072, 150, 500.599998, 1.836093
67584, 150, 500.676798, 1.786309
68096, 150, 500.665804, 1.794505
68608, 150, 500.429140, 1.961109
69120, 150, 500.278722, 2.058077
69632, 150, 500.971885, 1.580847
70144, 150, 500.667168, 1.793601
70656, 150, 500.960410, 1.580627
71168, 150, 500.962095, 1.585270
71680, 150, 500.805213, 1.688251
72192, 150, 500.452655, 1.938740
72704, 150, 500.275577, 2.036297
73216, 150, 501.352795, 1.316162
73728, 150, 500.388400, 1.981847
74240, 150, 500.442750, 1.954041
74752, 150, 501.215762, 1.410819
75264, 150, 500.955967, 1.587178
75776, 150, 500.279042, 2.057459
76288, 150, 500.961862, 1.584643
76800, 150, 500.427350, 1.958857
77312, 150, 500.441803, 1.951201
77824, 150, 500.688417, 1.779138
78336, 150, 500.958822, 1.584227
78848, 150, 500.160333, 0.010588
79360, 150, 500.959806, 1.580370
79872, 150, 500.680967, 1.781639
80384, 150, 500.696661, 1.767106
80896, 150, 500.963853, 1.576649
81408, 150, 500.965715, 1.582448
81920, 150, 500.446784, 1.945047
82432, 150, 501.364757, 1.335070
82944, 150, 500.688106, 1.779626
83456, 150, 500.129281, 0.072026
83968, 150, 500.602072, 1.837664
84480, 150, 500.958847, 1.585520
84992, 150, 500.432012, 1.958550
85504, 150, 500.956290, 1.584723
86016, 150, 500.675306, 1.786347
86528, 150, 500.218160, 1.505200
87040, 150, 500.958844, 1.585722
87552, 150, 500.680078, 1.787520
88064, 150, 500.466581, 1.939444
88576, 150, 500.679503, 1.780091
89088, 150, 500.680984, 1.780942
89600, 150, 500.961430, 1.578899
90112, 150, 500.884971, 1.636271
90624, 150, 500.282864, 2.055253
91136, 150, 500.685253, 1.782590
91648, 150, 500.262788, 2.023853
92160, 150, 500.682687, 1.778599
92672, 150, 501.212454, 1.400576
93184, 150, 500.438378, 1.950089
93696, 150, 500.526561, 1.887336
94208, 150, 500.278055, 2.056385
94720, 150, 500.382880, 1.973146
95232, 150, 500.437536, 1.955058
95744, 150, 500.670045, 1.791536
96256, 150, 500.786031, 1.699787
96768, 150, 500.514583, 1.900459
97280, 150, 500.594651, 1.841004
97792, 150, 500.864919, 1.645700
98304, 150, 500.958621, 1.580159
98816, 150, 500.452342, 1.937098
99328, 150, 500.681417, 1.786370
99840, 150, 500.674210, 1.788761
0, 130, 750.491801, 0.000001
512, 130, 750.291425, 0.014181
1024, 130, 750.212658, 0.034377
1536, 130, 750.197702, 0.038755
2048, 130, 750.194743, 0.039574
2560, 130, 750.193987, 0.039802
3072, 130, 750.191575, 0.040704
3584, 130, 750.189643, 0.041333
4096, 130, 750.169871, 0.048162
4608, 130, 750.065087, 0.098399
5120, 130, 750.062907, 0.099267
5632, 130, 750.089750, 0.077480
6144, 130, 750.111949, 0.068020
6656, 130, 750.048173, 0.105281
7168, 130, 750.049530, 0.099678
7680, 130, 750.044447, 0.102626
8192, 130, 750.043237, 0.098199
8704, 130, 750.070385, 0.083852
9216, 130, 750.041112, 0.109782
9728, 130, 750.044077, 0.096127
10240, 130, 750.041688, 0.095752
10752, 130, 750.033221, 0.103084
11264, 130, 750.035590, 0.114403
11776, 130, 750.034728, 0.101774
12288, 130, 750.033856, 0.098559
12800, 130, 750.029190, 0.109501
13312, 130, 750.057377, 0.085155
13824, 130, 750.034927, 0.096013
14336, 130, 750.027019, 0.104739
14848, 130, 750.027318, 0.106843
15360, 130, 750.028545, 0.102351
15872, 130, 750.027409, 0.115003
16384, 130, 750.027764, 0.104525
16896, 130, 750.024403, 0.110068
17408, 130, 750.027097, 0.101482
17920, 130, 750.032603, 0.096014
18432, 130, 750.022818, 0.109567
18944, 130, 750.057273, 0.081391
19456, 130, 750.027377, 0.099482
19968, 130, 750.034992, 0.094290
20480, 130, 750.029388, 0.096627
20992, 130, 750.026225, 0.099339
21504, 130, 750.020570, 0.110448
22016, 130, 750.023834, 0.102092
22528, 130, 750.023111, 0.103306
23040, 130, 750.027026, 0.099603
23552, 130, 750.022724, 0.106014
24064, 130, 750.028631, 0.098734
24576, 130, 750.020329, 0.111656
25088, 130, 750.019447, 0.105905
25600, 130, 750.018790, 0.108681
26112, 130, 750.026909, 0.097688
26624, 130, 750.019285, 0.109067
27136, 130, 750.019272, 0.104741
27648, 130, 750.026027, 0.097347
28160, 130, 750.018178, 0.107227
28672, 130, 750.046786, 0.084099
29184, 130, 750.042285, 0.086721
29696, 130, 750.018761, 0.105764
30208, 130, 750.018764, 0.103925
30720, 130, 750.038833, 0.088292
31232, 130, 750.018940, 0.103750
31744, 130, 750.016714, 0.111101
32256, 130, 750.044648, 0.084497
32768, 130, 750.023261, 0.099876
33280, 130, 750.033219, 0.091620
33792, 130, 750.019197, 0.103920
34304, 130, 750.020843, 0.102636
34816, 130, 750.019001, 0.104204
35328, 130, 750.032350, 0.091391
35840, 130, 750.035978, 0.089193
36352, 130, 750.016652, 0.112068
36864, 130, 750.040329, 0.086478
37376, 130, 750.036187, 0.090129
37888, 130, 750.026411, 0.096417
38400, 130, 750.018933, 0.103223
38912, 130, 750.039376, 0.086771
39424, 130, 750.022197, 0.098474
39936, 130, 750.017996, 0.104617
40448, 130, 750.019766, 0.101617
40960, 130, 750.020579, 0.100383
41472, 130, 750.021090, 0.101028
41984, 130, 750.016150, 0.107066
42496, 130, 750.030547, 0.092010
43008, 130, 750.018087, 0.112163
43520, 130, 750.020228, 0.099601
44032, 130, 750.021262, 0.100006
44544, 130, 750.019740, 0.118302
45056, 130, 750.015874, 0.113756
45568, 130, 750.020885, 0.099295
46080, 130, 750.015255, 0.109787
46592, 130, 750.015181, 0.107131
47104, 130, 750.014911, 0.110678
47616, 130, 750.019457, 0.101213
48128, 130, 750.019437, 0.102139
48640, 130, 750.036537, 0.087996
49152, 130, 750.017227, 0.104430
49664, 130, 750.014657, 0.110310
50176, 130, 750.015818, 0.106937
50688, 130, 750.016560, 0.113779
51200, 130, 750.024764, 0.096622
51712, 130, 750.023680, 0.096804
52224, 130, 750.017839, 0.102966
52736, 130, 750.027676, 0.095457
53248, 130, 750.015447, 0.109235
53760, 130, 750.038030, 0.086578
54272, 130, 750.015229, 0.108404
54784, 130, 750.015760, 0.106793
55296, 130, 750.019970, 0.100263
55808, 130, 750.026000, 0.095532
56320, 130, 750.015763, 0.110513
56832, 130, 750.020657, 0.104845
57344, 130, 750.026433, 0.095012
57856, 130, 750.023914, 0.097281
58368, 130, 750.016111, 0.105734
58880, 130, 750.018942, 0.113898
59392, 130, 750.019251, 0.111743
59904, 130, 750.015532, 0.105072
60416, 130, 750.015021, 0.105740
60928, 130, 750.014565, 0.109574
61440, 130, 750.015001, 0.107086
61952, 130, 750.017793, 0.102090
62464, 130, 750.016189, 0.103872
62976, 130, 750.033869, 0.089562
63488, 130, 750.014650, 0.107107
64000, 130, 750.020237, 0.101549
64512, 130, 750.015548, 0.109594
65024, 130, 750.014504, 0.108360
65536, 130, 750.020016, 0.100793
66048, 130, 750.033508, 0.089837
66560, 130, 750.014256, 0.109846
67072, 130, 750.023699, 0.098045
67584, 130, 750.033485, 0.090014
68096, 130, 750.015714, 0.109221
68608, 130, 750.016599, 0.105415
69120, 130, 750.018265, 0.101099
69632, 130, 750.019944, 0.111990
70144, 130, 750.013280, 0.114211
70656, 130, 750.018594, 0.101168
71168, 130, 750.022892, 0.096484
71680, 130, 750.027686, 0.093222
72192, 130, 750.022681, 0.097121
72704, 130, 750.014956, 0.111423
73216, 130, 750.023829, 0.096451
73728, 130, 750.019583, 0.101708
74240, 130, 750.014448, 0.111423
74752, 130, 750.014432, 0.107468
75264, 130, 750.014331, 0.113447
75776, 130, 750.020598, 0.098936
76288, 130, 750.020611, 0.098998
76800, 130, 750.019150, 0.119146
77312, 130, 750.013729, 0.114465
77824, 130, 750.020341, 0.099072
78336, 130, 750.015122, 0.102993
78848, 130, 750.015226, 0.108715
79360, 130, 750.015503, 0.105103
79872, 130, 750.019131, 0.100014
80384, 130, 750.018822, 0.100790
80896, 130, 750.017084, 0.102026
81408, 130, 750.017237, 0.102081
81920, 130, 750.022632, 0.097249
82432, 130, 750.014621, 0.105717
82944, 130, 750.017403, 0.102912
83456, 130, 750.016316, 0.104195
83968, 130, 750.013442, 0.110125
84480, 130, 750.020956, 0.099046
84992, 130, 750.022010, 0.097142
85504, 130, 750.014738, 0.105783
86016, 130, 750.021867, 0.097782
86528, 130, 750.034626, 0.088408
87040, 130, 750.017084, 0.102438
87552, 130, 750.014129, 0.109402
88064, 130, 750.017214, 0.103051
88576, 130, 750.013758, 0.109513
89088, 130, 750.016270, 0.102626
89600, 130, 750.020182, 0.099421
90112, 130, 750.015187, 0.106147
90624, 130, 750.024076, 0.095628
91136, 130, 750.015509, 0.104851
91648, 130, 750.031713, 0.091460
92160, 130, 750.012931, 0.113545
92672, 130, 750.034746, 0.088565
93184, 130, 750.034612, 0.088623
93696, 130, 750.026123, 0.112110
94208, 130, 750.015385, 0.114453
94720, 130, 750.016706, 0.119397
95232, 130, 750.012801, 0.109761
95744, 130, 750.013781, 0.107729
96256, 130, 750.012931, 0.115097
96768, 130, 750.012987, 0.112055
97280, 130, 750.013667, 0.111273
97792, 130, 750.020461, 0.098981
98304, 130, 750.017012, 0.106105
98816, 130, 750.030958, 0.091212
99328, 130, 750.016162, 0.104409
99840, 130, 750.017900, 0.103265
0, 140, 756.125768, 0.000259
512, 140, 753.941771, 0.453243
1024, 140, 752.338521, 0.898775
1536, 140, 750.588963, 1.542382
2048, 140, 750.466859, 1.530174
2560, 140, 750.407794, 1.541390
3072, 140, 750.417845, 1.575746
3584, 140, 750.336990, 1.575411
4096, 140, 750.044293, 0.181116
4608, 140, 750.261327, 1.566907
5120, 140, 750.037141, 0.189481
5632, 140, 750.031482, 0.160002
6144, 140, 750.237922, 1.594081
6656, 140, 750.304116, 1.613751
7168, 140, 750.046064, 0.130379
7680, 140, 750.215097, 1.590039
8192, 140, 750.035137, 0.238016
8704, 140, 750.040526, 0.202509
9216, 140, 750.007240, 0.008614
9728, 140, 750.018226, 0.045936
10240, 140, 750.186967, 1.605039
10752, 140, 750.018685, 0.111548
11264, 140, 750.061475, 0.715191
11776, 140, 750.027845, 0.141082
12288, 140, 750.064254, 0.045013
12800, 140, 750.026146, 0.138616
13312, 140, 750.047967, 0.459828
13824, 140, 750.007094, 0.006438
14336, 140, 750.022544, 0.108451
14848, 140, 750.193023, 1.631171
15360, 140, 750.062382, 0.217574
15872, 140, 750.095390, 0.955374
16384, 140, 750.012853, 0.041070
16896, 140, 750.039754, 0.608746
17408, 140, 750.009310, 0.115726
17920, 140, 750.146900, 1.634989
18432, 140, 750.009710, 0.035296
18944, 140, 750.201823, 1.623491
19456, 140, 750.182727, 1.628155
19968, 140, 750.024304, 0.012772
20480, 140, 750.034772, 0.120993
20992, 140, 750.000146, 0.001813
21504, 140, 750.113711, 1.465520
22016, 140, 750.103712, 1.423273
22528, 140, 750.002538, 0.003853
23040, 140, 750.041892, 0.723212
23552, 140, 750.043584, 0.140064
24064, 140, 750.134022, 1.549284
24576, 140, 750.015239, 0.185638
25088, 140, 750.025515, 0.345182
25600, 140, 750.011129, 0.037687
26112, 140, 750.220867, 1.633167
26624, 140, 750.014529, 0.140845
27136, 140, 750.177370, 1.632181
27648, 140, 750.221409, 1.634912
28160, 140, 750.102346, 1.377322
28672, 140, 750.007767, 0.108279
29184, 140, 750.006983, 0.106986
29696, 140, 750.099555, 1.542279
30208, 140, 750.149593, 1.622962
30720, 140, 750.112061, 1.608239
31232, 140, 750.309510, 1.619435
31744, 140, 750.052336, 0.514528
32256, 140, 750.216911, 1.637023
32768, 140, 750.000036, 0.000390
33280, 140, 750.105404, 1.573960
33792, 140, 750.014725, 0.175443
34304, 140, 750.042817, 0.685032
34816, 140, 750.023752, 0.108673
35328, 140, 750.173832, 1.596793
35840, 140, 750.019850, 0.047316
36352, 140, 750.115904, 1.548364
36864, 140, 750.046550, 0.207316
37376, 140, 750.208154, 1.639384
37888, 140, 750.124686, 1.447285
38400, 140, 750.009564, 0.033493
38912, 140, 750.076565, 1.483977
39424, 140, 750.013791, 0.068115
39936, 140, 750.083369, 1.588892
40448, 140, 750.130902, 1.631131
40960, 140, 750.047952, 0.929949
41472, 140, 750.049602, 0.915841
41984, 140, 750.030582, 0.190809
42496, 140, 750.131502, 1.551276
43008, 140, 750.014243, 0.033170
43520, 140, 750.009453, 0.092162
44032, 140, 750.137311, 1.622936
44544, 140, 750.137275, 1.625101
45056, 140, 750.218079, 1.629109
45568, 140, 750.005418, 0.094378
46080, 140, 750.107833, 0.962255
46592, 140, 750.045251, 0.195393
47104, 140, 750.082784, 1.244541
47616, 140, 750.093339, 1.404814
48128, 140, 750.088315, 1.631510
48640, 140, 750.086291, 1.580542
49152, 140, 750.172850, 1.619687
49664, 140, 750.104734, 1.554864
50176, 140, 750.211258, 1.637555
50688, 140, 750.063421, 0.513930
51200, 140, 750.188979, 1.621415
51712, 140, 750.297911, 1.633748
52224, 140, 750.013817, 0.031685
52736, 140, 750.128876, 1.442341
53248, 140, 750.051879, 0.193846
53760, 140, 750.017481, 0.056814
54272, 140, 750.023204, 0.063249
54784, 140, 750.063801, 1.571174
55296, 140, 750.078754, 1.621354
55808, 140, 750.106671, 1.604750
56320, 140, 750.121951, 1.624276
56832, 140, 750.087390, 1.635711
57344, 140, 750.047961, 0.907352
57856, 140, 750.175964, 1.649130
58368, 140, 750.047242, 0.121875
58880, 140, 750.020731, 0.315685
59392, 140, 750.004321, 0.087436
59904, 140, 750.019234, 0.478683
60416, 140, 750.228118, 1.615535
60928, 140, 750.087471, 1.591730
61440, 140, 750.046288, 0.908791
61952, 140, 750.075294, 1.016087
62464, 140, 750.015001, 0.227249
62976, 140, 750.024552, 0.082404
63488, 140, 750.097793, 1.603871
64000, 140, 750.008070, 0.025693
64512, 140, 750.026533, 0.426087
65024, 140, 750.113745, 1.604836
65536, 140, 750.022798, 0.452102
66048, 140, 750.256189, 1.631930
66560, 140, 750.022752, 0.604757
67072, 140, 750.062927, 1.222435
67584, 140, 750.028069, 0.713210
68096, 140, 750.058449, 1.475784
68608, 140, 750.015392, 0.190743
69120, 140, 750.009118, 0.042884
69632, 140, 750.179669, 1.628611
70144, 140, 750.265902, 1.631056
70656, 140, 750.099432, 1.414806
71168, 140, 750.070575, 0.745898
71680, 140, 750.009476, 0.024514
72192, 140, 750.064151, 0.866646
72704, 140, 750.202361, 1.644405
73216, 140, 750.154038, 1.639461
73728, 140, 750.062388, 0.658385
74240, 140, 750.137553, 1.633600
74752, 140, 750.011865, 0.087216
75264, 140, 750.032014, 0.887548
75776, 140, 750.181129, 1.647836
76288, 140, 750.012079, 0.173718
76800, 140, 750.045760, 0.400841
77312, 140, 750.334362, 1.606616
77824, 140, 750.036112, 0.781074
78336, 140, 750.025594, 0.695895
78848, 140, 750.026941, 0.075251
79360, 140, 750.034999, 0.526018
79872, 140, 750.023271, 0.109007
80384, 140, 750.123087, 1.520013
80896, 140, 750.054869, 1.395123
81408, 140, 750.097276, 1.626288
81920, 140, 750.140240, 1.621822
82432, 140, 750.210283, 1.629135
82944, 140, 750.164581, 1.627994
83456, 140, 750.018698, 0.118927
83968, 140, 750.013768, 0.084021
84480, 140, 750.038542, 0.103662
84992, 140, 750.156432, 1.647967
85504, 140, 750.336042, 1.635174
86016, 140, 750.021103, 0.098962
86528, 140, 750.121144, 1.620330
87040, 140, 750.011816, 0.225652
87552, 140, 750.093786, 1.603167
88064, 140, 750.177859, 1.647327
88576, 140, 750.009639, 0.018301
89088, 140, 750.022350, 0.128273
89600, 140, 750.151054, 1.632748
90112, 140, 750.167877, 1.637337
90624, 140, 750.097822, 1.564553
91136, 140, 750.003876, 0.084635
91648, 140, 750.019564, 0.165056
92160, 140, 750.008438, 0.017335
92672, 140, 750.108791, 1.431332
93184, 140, 750.226826, 1.624137
93696, 140, 750.034377, 0.172954
94208, 140, 750.035751, 0.293565
94720, 140, 750.025662, 0.088766
95232, 140, 750.211677, 1.637171
95744, 140, 750.168592, 1.631951
96256, 140, 750.030182, 0.851685
96768, 140, 750.009460, 0.018267
97280, 140, 750.020231, 0.023354
97792, 140, 750.023648, 0.718764
98304, 140, 750.093458, 1.337826
98816, 140, 750.065128, 1.612222
99328, 140, 750.112625, 1.647445
99840, 140, 750.133711, 1.629219
0, 150, 7525.481392, 0.043094
512, 150, 7510.815521, 3.939738
1024, 150, 751.246375, 6.776959
1536, 150, 750.989557, 6.583169
2048, 150, 750.609065, 7.175536
2560, 150, 750.757461, 6.649187
3072, 150, 750.739839, 6.648580
3584, 150, 750.384978, 7.216760
4096, 150, 750.586008, 6.714217
4608, 150, 750.549145, 6.718977
5120, 150, 750.296155, 7.227495
5632, 150, 750.628657, 6.680350
6144, 150, 750.309913, 6.968764
6656, 150, 750.512604, 2.084333
7168, 150, 750.579957, 6.693362
7680, 150, 750.581305, 6.693727
8192, 150, 750.377238, 6.824352
8704, 150, 750.308419, 6.913896
9216, 150, 750.207204, 7.247138
9728, 150, 750.164813, 7.623451
10240, 150, 750.254605, 6.984670
10752, 150, 750.176432, 7.245330
11264, 150, 750.347873, 6.858108
11776, 150, 750.441482, 6.749425
12288, 150, 750.273878, 6.891771
12800, 150, 750.235124, 6.991137
13312, 150, 750.569736, 6.691968
13824, 150, 750.477074, 1.407975
14336, 150, 750.150108, 7.243212
14848, 150, 750.228254, 6.988083
15360, 150, 750.439412, 6.753292
15872, 150, 750.405554, 6.756969
16384, 150, 750.151259, 7.245375
16896, 150, 750.149738, 7.244659
17408, 150, 750.604203, 6.681847
17920, 150, 750.293765, 6.868347
18432, 150, 750.218321, 6.991128
18944, 150, 750.498814, 0.962939
19456, 150, 750.405831, 6.759819
19968, 150, 750.439019, 6.746287
20480, 150, 750.208035, 6.996783
20992, 150, 750.524786, 6.709333
21504, 150, 750.583529, 6.683329
22016, 150, 750.287113, 6.843867
22528, 150, 750.356538, 6.763879
23040, 150, 750.430495, 6.758598
23552, 150, 750.516333, 6.710370
24064, 150, 750.440668, 6.724013
24576, 150, 750.129692, 7.253557
25088, 150, 750.597586, 1.971003
25600, 150, 750.410119, 6.761796
26112, 150, 750.434823, 6.736725
26624, 150, 750.578510, 6.692471
27136, 150, 750.407433, 6.759062
27648, 150, 750.413308, 6.760711
28160, 150, 750.542247, 6.701057
28672, 150, 750.490921, 6.725186
29184, 150, 750.495901, 6.716763
29696, 150, 750.417474, 6.755535
30208, 150, 750.443023, 6.728778
30720, 150, 750.382788, 6.762621
31232, 150, 750.360403, 0.208908
31744, 150, 750.296356, 6.846797
32256, 150, 750.358657, 6.770989
32768, 150, 750.504149, 6.711123
33280, 150, 750.177453, 6.997099
33792, 150, 750.481326, 4.644655
34304, 150, 750.407298, 6.757583
34816, 150, 750.363151, 6.765197
35328, 150, 750.397576, 6.761663
35840, 150, 750.595957, 6.689445
36352, 150, 750.308681, 6.844784
36864, 150, 750.397267, 6.761892
37376, 150, 750.290606, 6.849710
37888, 150, 750.297487, 6.838211
38400, 150, 750.597910, 6.683970
38912, 150, 750.084021, 7.638963
39424, 150, 750.303019, 6.838676
39936, 150, 750.229939, 6.931474
40448, 150, 750.416396, 6.760890
40960, 150, 750.525922, 6.703331
41472, 150, 750.373087, 6.795428
41984, 150, 750.181825, 7.009053
42496, 150, 750.415522, 6.752459
43008, 150, 750.511041, 3.006930
43520, 150, 750.191592, 6.999858
44032, 150, 750.213550, 6.895619
44544, 150, 750.271751, 6.829030
45056, 150, 750.267921, 6.850578
45568, 150, 750.197909, 6.896258
46080, 150, 750.176115, 6.952622
46592, 150, 750.253110, 6.853720
47104, 150, 750.405385, 6.736408
47616, 150, 750.269097, 6.846324
48128, 150, 750.150833, 7.085757
48640, 150, 750.287383, 6.854675
49152, 150, 750.284899, 6.848422
49664, 150, 750.117640, 7.167334
50176, 150, 750.167099, 7.001156
50688, 150, 750.597747, 6.681081
51200, 150, 750.397196, 6.759960
51712, 150, 750.111088, 7.172976
52224, 150, 750.385530, 6.758870
52736, 150, 750.528296, 6.706251
53248, 150, 750.279649, 6.871581
53760, 150, 750.171191, 7.055528
54272, 150, 750.398558, 6.757433
54784, 150, 750.524104, 6.705517
55296, 150, 750.076757, 7.627859
55808, 150, 750.112291, 7.245800
56320, 150, 750.469419, 6.726589
56832, 150, 750.634182, 0.750594
57344, 150, 750.529181, 6.700963
57856, 150, 750.177851, 7.003327
58368, 150, 750.503622, 6.710926
58880, 150, 750.184716, 7.003767
59392, 150, 750.083348, 7.626981
59904, 150, 750.533545, 6.693944
60416, 150, 750.297729, 6.837397
60928, 150, 750.439312, 6.746260
61440, 150, 750.474979, 6.716158
61952, 150, 750.120563, 7.249329
62464, 150, 750.246653, 6.846493
62976, 150, 750.414771, 6.730665
63488, 150, 750.251546, 6.844673
64000, 150, 750.538190, 6.697286
64512, 150, 750.325332, 6.791338
65024, 150, 750.538255, 6.690111
65536, 150, 750.495714, 6.708877
66048, 150, 750.359671, 6.763406
66560, 150, 750.383749, 6.762600
67072, 150, 750.406451, 6.751053
67584, 150, 750.138692, 7.086196
68096, 150, 750.248703, 6.850899
68608, 150, 750.185966, 6.996549
69120, 150, 750.309404, 6.792935
69632, 150, 750.404319, 6.760556
70144, 150, 750.109197, 7.246682
70656, 150, 750.382254, 6.758160
71168, 150, 750.381465, 6.758964
71680, 150, 750.505726, 6.706721
72192, 150, 750.179482, 6.989966
72704, 150, 750.576577, 6.684579
73216, 150, 750.375067, 6.759923
73728, 150, 750.307478, 6.836288
74240, 150, 750.576839, 6.683440
74752, 150, 750.544290, 6.691865
75264, 150, 750.396206, 6.752897
75776, 150, 750.269034, 6.871078
76288, 150, 750.379858, 6.761018
76800, 150, 750.398515, 6.752131
77312, 150, 750.307336, 6.792461
77824, 150, 750.494965, 6.712677
78336, 150, 750.178092, 6.999891
78848, 150, 750.292052, 6.845965
79360, 150, 750.480707, 6.714382
79872, 150, 750.573230, 6.689061
80384, 150, 750.348809, 6.765836
80896, 150, 750.462842, 6.714112
81408, 150, 750.583113, 6.682363
81920, 150, 750.470790, 6.724801
82432, 150, 750.539310, 6.692603
82944, 150, 750.265890, 6.848287
83456, 150, 750.538982, 6.697365
83968, 150, 750.598020, 6.681329
84480, 150, 750.256919, 6.847123
84992, 150, 750.571781, 6.681967
85504, 150, 750.284636, 6.867175
86016, 150, 750.563947, 6.687708
86528, 150, 750.386381, 6.756376
87040, 150, 750.272181, 6.844698
87552, 150, 750.312851, 6.770569
88064, 150, 750.174114, 6.999028
88576, 150, 750.511090, 6.704265
89088, 150, 750.471986, 6.716005
89600, 150, 750.390208, 6.763947
90112, 150, 750.443598, 6.746058
90624, 150, 750.277232, 6.841389
91136, 150, 750.147203, 6.992021
91648, 150, 750.571725, 6.681734
92160, 150, 750.625919, 6.672174
92672, 150, 750.097093, 7.243703
93184, 150, 750.278607, 6.845771
93696, 150, 750.319893, 6.789881
94208, 150, 750.404352, 6.757425
94720, 150, 750.426685, 6.747134
95232, 150, 750.573559, 6.690133
95744, 150, 750.382874, 6.762624
96256, 150, 750.108559, 7.253988
96768, 150, 750.338754, 6.762701
97280, 150, 750.601857, 6.680180
97792, 150, 750.248145, 6.848141
98304, 150, 750.517437, 6.705112
98816, 150, 750.363835, 6.758508
99328, 150, 750.158243, 6.998216
99840, 150, 750.530887, 6.700353
