tau,regular_loss,naughty_loss
0, 1.100150, 0.952770
0, 1.153700, 1.000071
0, 1.221563, 1.063531
0, 1.397752, 1.220245
32, 1.103091, 0.952708
32, 1.156961, 1.003242
32, 1.225542, 1.058714
32, 1.371101, 1.180361
64, 1.106154, 0.959284
64, 1.151954, 0.994992
64, 1.229422, 1.068960
64, 1.371249, 1.201222
96, 1.107267, 0.961724
96, 1.153450, 1.001070
96, 1.234561, 1.074418
96, 1.353494, 1.168631
128, 1.103486, 0.957258
128, 1.147581, 0.992589
128, 1.217138, 1.054744
128, 1.399128, 1.207397
160, 1.079629, 0.957572
160, 1.121107, 0.995769
160, 1.190628, 1.064472
160, 1.346286, 1.208375
192, 1.064612, 0.947289
192, 1.112806, 0.985208
192, 1.185052, 1.048554
192, 1.330284, 1.199551
224, 1.073138, 0.952006
224, 1.109826, 0.987193
224, 1.183582, 1.053360
224, 1.386742, 1.231703
256, 1.081096, 0.958685
256, 1.111445, 0.990270
256, 1.179985, 1.047968
256, 1.401106, 1.237869
288, 1.060964, 0.955731
288, 1.095443, 0.987567
288, 1.155025, 1.041411
288, 1.326785, 1.205951
320, 1.057331, 0.949706
320, 1.098184, 0.985526
320, 1.176832, 1.055681
320, 1.362962, 1.227257
352, 1.058344, 0.948933
352, 1.091888, 0.981972
352, 1.163599, 1.045529
352, 1.369047, 1.229093
384, 1.062126, 0.955473
384, 1.103882, 0.989807
384, 1.172981, 1.052858
384, 1.335389, 1.202041
416, 1.055349, 0.953415
416, 1.098314, 0.989916
416, 1.151740, 1.037305
416, 1.308340, 1.179751
448, 1.058006, 0.957120
448, 1.098223, 0.989938
448, 1.166607, 1.046255
448, 1.374117, 1.233208
480, 1.054775, 0.951421
480, 1.092766, 0.985288
480, 1.158774, 1.041334
480, 1.304000, 1.176145
512, 1.058606, 0.958080
512, 1.097421, 0.984924
512, 1.168856, 1.049303
512, 1.334848, 1.195822
544, 1.046265, 0.954904
544, 1.094502, 0.987925
544, 1.159820, 1.045115
544, 1.320454, 1.184602
576, 1.046701, 0.960291
576, 1.084786, 0.983873
576, 1.169923, 1.053489
576, 1.352727, 1.229561
608, 1.045010, 0.956769
608, 1.086864, 0.983798
608, 1.167965, 1.052084
608, 1.340595, 1.208185
640, 1.056941, 0.964075
640, 1.092481, 0.988576
640, 1.169558, 1.053744
640, 1.330848, 1.195844
672, 1.038037, 0.963187
672, 1.090041, 0.993157
672, 1.175891, 1.058674
672, 1.338448, 1.214764
704, 1.035140, 0.963651
704, 1.085932, 0.993387
704, 1.171115, 1.057301
704, 1.316133, 1.186801
736, 1.040604, 0.969860
736, 1.094281, 0.999884
736, 1.151265, 1.040569
736, 1.322779, 1.197582
768, 1.042200, 0.970946
768, 1.092616, 1.000229
768, 1.159928, 1.046412
768, 1.371634, 1.235043
800, 1.027068, 0.978135
800, 1.078453, 0.988192
800, 1.153041, 1.044677
800, 1.326927, 1.194712
832, 1.020802, 0.979715
832, 1.078776, 0.997708
832, 1.162002, 1.058773
832, 1.313435, 1.184846
864, 1.018431, 0.980184
864, 1.071489, 0.994750
864, 1.158834, 1.048894
864, 1.355139, 1.228742
896, 1.024023, 0.984885
896, 1.084682, 1.003884
896, 1.158430, 1.050742
896, 1.330139, 1.205313
928, 1.022476, 0.999061
928, 1.076930, 1.003490
928, 1.165649, 1.060182
928, 1.377792, 1.246560
960, 1.010691, 0.995366
960, 1.077814, 1.007538
960, 1.159230, 1.057973
960, 1.311491, 1.177199
992, 1.003615, 0.989900
992, 1.063786, 1.000076
992, 1.146224, 1.038263
992, 1.331468, 1.194895
1024, 0.999897, 0.993384
1024, 1.059152, 0.997499
1024, 1.154126, 1.050370
1024, 1.322184, 1.192770
1056, 0.992875, 0.987907
1056, 1.066543, 1.009491
1056, 1.165657, 1.059915
1056, 1.340657, 1.209738
1088, 0.998247, 1.003106
1088, 1.056370, 1.004018
1088, 1.163575, 1.061083
1088, 1.321200, 1.190757
1120, 0.987901, 1.010925
1120, 1.064662, 1.017270
1120, 1.165061, 1.065892
1120, 1.332385, 1.208536
1152, 0.986096, 1.000338
1152, 1.041698, 0.995386
1152, 1.146353, 1.051354
1152, 1.363929, 1.224321
1184, 0.983619, 1.012170
1184, 1.052645, 1.008991
1184, 1.161246, 1.063450
1184, 1.342837, 1.216713
1216, 0.969251, 1.023999
1216, 1.038173, 1.004086
1216, 1.167695, 1.075513
1216, 1.317453, 1.192966
1248, 0.969354, 1.013514
1248, 1.041443, 1.005497
1248, 1.154316, 1.058902
1248, 1.338027, 1.209493
1280, 0.969081, 1.023859
1280, 1.048038, 1.017719
1280, 1.147468, 1.059020
1280, 1.361521, 1.225134
1312, 0.964742, 1.042433
1312, 1.048412, 1.022789
1312, 1.154238, 1.064569
1312, 1.347219, 1.224605
1344, 0.939836, 1.038849
1344, 1.043200, 1.025855
1344, 1.140601, 1.053914
1344, 1.349523, 1.219155
1376, 0.942026, 1.046775
1376, 1.043361, 1.023669
1376, 1.133665, 1.052047
1376, 1.327076, 1.184893
1408, 0.938755, 1.034601
1408, 1.044324, 1.035669
1408, 1.131183, 1.047620
1408, 1.358927, 1.234553
1440, 0.925658, 1.052119
1440, 1.032887, 1.023239
1440, 1.147309, 1.065052
1440, 1.320019, 1.191879
1472, 0.926738, 1.062893
1472, 1.038634, 1.036373
1472, 1.142919, 1.060092
1472, 1.341092, 1.216250
1504, 0.864031, 1.092192
1504, 1.026549, 1.026531
1504, 1.149099, 1.076803
1504, 1.358066, 1.221718
1536, 0.865121, 1.106140
1536, 1.042797, 1.041257
1536, 1.142953, 1.060965
1536, 1.330828, 1.211955
1568, 0.845715, 1.120453
1568, 1.025374, 1.033151
1568, 1.134311, 1.059498
1568, 1.323278, 1.196344
1600, 0.860849, 1.116022
1600, 1.008124, 1.024444
1600, 1.125436, 1.055423
1600, 1.304360, 1.177556
1632, 0.767517, 1.184824
1632, 1.017931, 1.039479
1632, 1.143143, 1.068325
1632, 1.317104, 1.190377
1664, 0.806816, 1.160680
1664, 1.024300, 1.040833
1664, 1.130088, 1.063363
1664, 1.364150, 1.226975
1696, 0.610509, 1.316810
1696, 1.012793, 1.037961
1696, 1.147474, 1.081426
1696, 1.329650, 1.198221
1728, 0.575579, 1.352812
1728, 1.017012, 1.043957
1728, 1.125786, 1.058901
1728, 1.325853, 1.208964
1760, 0.546083, 1.384438
1760, 1.010741, 1.045950
1760, 1.135227, 1.074471
1760, 1.314884, 1.193368
1792, 0.482304, 1.431422
1792, 1.012618, 1.049375
1792, 1.135384, 1.075951
1792, 1.325070, 1.200941
1824, 0.468952, 1.449439
1824, 1.003184, 1.049851
1824, 1.129211, 1.071631
1824, 1.330072, 1.200855
1856, 0.487587, 1.431184
1856, 0.999534, 1.047525
1856, 1.137026, 1.081922
1856, 1.303879, 1.180633
1888, 0.403388, 1.497489
1888, 0.996885, 1.047387
1888, 1.135563, 1.080922
1888, 1.333894, 1.209560
1920, 0.353092, 1.542476
1920, 0.995712, 1.050032
1920, 1.129010, 1.076185
1920, 1.373163, 1.231046
1952, 0.409038, 1.491652
1952, 0.998170, 1.060307
1952, 1.114135, 1.065727
1952, 1.331058, 1.203842
1984, 0.400626, 1.491945
1984, 0.990801, 1.050282
1984, 1.113351, 1.064779
1984, 1.342220, 1.205631
2016, 0.361746, 1.534108
2016, 0.995045, 1.057600
2016, 1.125851, 1.082456
2016, 1.316147, 1.184030
2048, 0.387275, 1.510457
2048, 0.988736, 1.058742
2048, 1.124718, 1.082422
2048, 1.307808, 1.189227
2080, 0.378974, 1.523986
2080, 0.989520, 1.060821
2080, 1.121326, 1.077755
2080, 1.347801, 1.220963
2112, 0.347213, 1.554358
2112, 0.990118, 1.065786
2112, 1.108583, 1.070498
2112, 1.320618, 1.190969
2144, 0.333224, 1.578027
2144, 0.997532, 1.067869
2144, 1.124800, 1.082881
2144, 1.338906, 1.209644
2176, 0.363137, 1.543431
2176, 0.979926, 1.076313
2176, 1.116367, 1.079557
2176, 1.306109, 1.187279
2208, 0.360994, 1.536135
2208, 0.976464, 1.068899
2208, 1.117186, 1.085274
2208, 1.345563, 1.215527
2240, 0.327398, 1.592624
2240, 0.974644, 1.069663
2240, 1.132973, 1.102028
2240, 1.329243, 1.208836
2272, 0.329733, 1.562239
2272, 0.974867, 1.077368
2272, 1.109446, 1.078560
2272, 1.377190, 1.246302
2304, 0.324596, 1.578568
2304, 0.957703, 1.067856
2304, 1.114598, 1.088895
2304, 1.324219, 1.196078
2336, 0.337338, 1.560931
2336, 0.972081, 1.076469
2336, 1.108466, 1.081446
2336, 1.366088, 1.221507
2368, 0.341396, 1.567071
2368, 0.976325, 1.085242
2368, 1.134571, 1.108765
2368, 1.329080, 1.199945
2400, 0.335015, 1.578230
2400, 0.953967, 1.076146
2400, 1.106885, 1.084282
2400, 1.331838, 1.208083
2432, 0.320819, 1.586448
2432, 0.961896, 1.075209
2432, 1.108429, 1.089033
2432, 1.326776, 1.199401
2464, 0.387101, 1.509545
2464, 0.963725, 1.082331
2464, 1.113906, 1.093434
2464, 1.324621, 1.196958
2496, 0.317459, 1.579671
2496, 0.959753, 1.097295
2496, 1.096211, 1.079359
2496, 1.335033, 1.207873
2528, 0.322983, 1.589888
2528, 0.959762, 1.089729
2528, 1.093186, 1.082278
2528, 1.330482, 1.195887
2560, 0.319800, 1.579994
2560, 0.951122, 1.088651
2560, 1.092559, 1.085772
2560, 1.323496, 1.200149
2592, 0.331147, 1.562806
2592, 0.957156, 1.092032
2592, 1.104773, 1.102194
2592, 1.340360, 1.203307
2624, 0.301971, 1.578838
2624, 0.943403, 1.096644
2624, 1.092964, 1.087208
2624, 1.347722, 1.213458
2656, 0.322703, 1.580711
2656, 0.951169, 1.088657
2656, 1.104603, 1.100443
2656, 1.341081, 1.218555
2688, 0.300876, 1.597963
2688, 0.945220, 1.105580
2688, 1.096652, 1.089118
2688, 1.326585, 1.207909
2720, 0.350258, 1.545388
2720, 0.933997, 1.100768
2720, 1.091353, 1.089727
2720, 1.344080, 1.229177
2752, 0.329834, 1.566366
2752, 0.926690, 1.115175
2752, 1.088551, 1.098572
2752, 1.351524, 1.212258
2784, 0.299327, 1.590165
2784, 0.937333, 1.103527
2784, 1.102305, 1.102267
2784, 1.325122, 1.202621
2816, 0.342336, 1.553553
2816, 0.938612, 1.095679
2816, 1.093222, 1.104527
2816, 1.343857, 1.207970
2848, 0.307510, 1.588966
2848, 0.944148, 1.115846
2848, 1.085986, 1.097116
2848, 1.310945, 1.188934
2880, 0.304455, 1.597412
2880, 0.925159, 1.102058
2880, 1.090517, 1.103109
2880, 1.324694, 1.209147
2912, 0.294051, 1.612756
2912, 0.914625, 1.108950
2912, 1.092087, 1.108919
2912, 1.336159, 1.204055
2944, 0.318843, 1.582316
2944, 0.926024, 1.110889
2944, 1.081827, 1.098021
2944, 1.357378, 1.233905
2976, 0.322518, 1.571874
2976, 0.914781, 1.118010
2976, 1.067748, 1.089283
2976, 1.353570, 1.220203
3008, 0.315973, 1.567714
3008, 0.912145, 1.124263
3008, 1.087135, 1.109608
3008, 1.316397, 1.195669
3040, 0.351369, 1.542259
3040, 0.928624, 1.116898
3040, 1.078289, 1.103641
3040, 1.337374, 1.212045
3072, 0.299043, 1.592341
3072, 0.915123, 1.117599
3072, 1.085338, 1.110547
3072, 1.324229, 1.200509
3104, 0.319069, 1.572290
3104, 0.914546, 1.122575
3104, 1.079202, 1.108206
3104, 1.262841, 1.150110
3136, 0.296491, 1.594880
3136, 0.915856, 1.130708
3136, 1.091648, 1.121864
3136, 1.347731, 1.212677
3168, 0.306882, 1.574255
3168, 0.895684, 1.132063
3168, 1.078518, 1.106889
3168, 1.297130, 1.187158
3200, 0.309799, 1.580738
3200, 0.900139, 1.132415
3200, 1.086819, 1.125403
3200, 1.311851, 1.192172
3232, 0.307317, 1.583743
3232, 0.901678, 1.127991
3232, 1.068276, 1.106340
3232, 1.322274, 1.209348
3264, 0.298542, 1.583506
3264, 0.884801, 1.146877
3264, 1.073641, 1.114345
3264, 1.330355, 1.198785
3296, 0.289381, 1.621858
3296, 0.887091, 1.125407
3296, 1.071871, 1.116732
3296, 1.334916, 1.206428
3328, 0.298623, 1.590488
3328, 0.871593, 1.158568
3328, 1.071230, 1.125664
3328, 1.349516, 1.220797
3360, 0.317412, 1.575600
3360, 0.896792, 1.134856
3360, 1.070936, 1.119059
3360, 1.322877, 1.189625
3392, 0.302158, 1.588303
3392, 0.898883, 1.139461
3392, 1.071460, 1.121461
3392, 1.354919, 1.233395
3424, 0.290198, 1.591374
3424, 0.898042, 1.149790
3424, 1.068094, 1.115785
3424, 1.304920, 1.183276
3456, 0.278308, 1.606562
3456, 0.879557, 1.145084
3456, 1.077420, 1.130908
3456, 1.289576, 1.156898
3488, 0.272692, 1.603453
3488, 0.881775, 1.137766
3488, 1.061425, 1.119124
3488, 1.348900, 1.218659
3520, 0.299904, 1.585951
3520, 0.882082, 1.157667
3520, 1.065189, 1.128748
3520, 1.339190, 1.216010
3552, 0.271082, 1.618515
3552, 0.881294, 1.155540
3552, 1.062569, 1.114437
3552, 1.337895, 1.194621
3584, 0.298813, 1.579054
3584, 0.811631, 1.188056
3584, 1.059577, 1.128740
3584, 1.332811, 1.216970
3616, 0.286078, 1.590742
3616, 0.848475, 1.182125
3616, 1.068737, 1.130064
3616, 1.318688, 1.197354
3648, 0.286532, 1.603943
3648, 0.824705, 1.183049
3648, 1.073446, 1.140865
3648, 1.336270, 1.217013
3680, 0.286765, 1.586758
3680, 0.884902, 1.131758
3680, 1.050851, 1.121758
3680, 1.315204, 1.198195
3712, 0.289691, 1.589651
3712, 0.803370, 1.205944
3712, 1.047330, 1.128382
3712, 1.316535, 1.192376
3744, 0.280894, 1.597195
3744, 0.870882, 1.137823
3744, 1.052063, 1.121371
3744, 1.280173, 1.166526
3776, 0.271317, 1.601787
3776, 0.830000, 1.199463
3776, 1.067865, 1.143383
3776, 1.331000, 1.215175
3808, 0.297844, 1.585366
3808, 0.771070, 1.244644
3808, 1.043433, 1.122265
3808, 1.343427, 1.228280
3840, 0.274709, 1.617188
3840, 0.770076, 1.219725
3840, 1.053926, 1.141373
3840, 1.320907, 1.205469
3872, 0.267207, 1.616859
3872, 0.810066, 1.215979
3872, 1.030767, 1.113115
3872, 1.359760, 1.235041
3904, 0.270782, 1.610392
3904, 0.763965, 1.237928
3904, 1.040533, 1.123512
3904, 1.316729, 1.200610
3936, 0.275625, 1.605018
3936, 0.790149, 1.214976
3936, 1.056643, 1.140521
3936, 1.341903, 1.211111
3968, 0.259563, 1.612018
3968, 0.754755, 1.257812
3968, 1.040944, 1.137133
3968, 1.323383, 1.196276
4000, 0.270321, 1.613503
4000, 0.796850, 1.217530
4000, 1.025880, 1.120651
4000, 1.322525, 1.197090
4032, 0.278819, 1.598140
4032, 0.758185, 1.255042
4032, 1.042315, 1.132865
4032, 1.335804, 1.210486
4064, 0.265719, 1.607353
4064, 0.754549, 1.234005
4064, 1.058008, 1.154914
4064, 1.343491, 1.216397
4096, 0.277940, 1.604521
4096, 0.623156, 1.364457
4096, 1.046696, 1.137971
4096, 1.347537, 1.231559
4128, 0.322914, 1.570968
4128, 0.731375, 1.274100
4128, 1.035403, 1.136554
4128, 1.343509, 1.222000
4160, 0.288761, 1.586222
4160, 0.685864, 1.278819
4160, 1.044926, 1.148006
4160, 1.309088, 1.177408
4192, 0.258206, 1.623650
4192, 0.721770, 1.271097
4192, 1.039944, 1.140609
4192, 1.329056, 1.202773
4224, 0.272586, 1.585107
4224, 0.693577, 1.310456
4224, 1.030905, 1.136043
4224, 1.345835, 1.230957
4256, 0.262840, 1.614845
4256, 0.662068, 1.329433
4256, 1.035412, 1.131983
4256, 1.329648, 1.215366
4288, 0.253190, 1.626195
4288, 0.779889, 1.229104
4288, 1.022057, 1.130498
4288, 1.342847, 1.225915
4320, 0.248937, 1.626882
4320, 0.663502, 1.318760
4320, 1.033495, 1.143559
4320, 1.346179, 1.221851
4352, 0.246053, 1.642771
4352, 0.608673, 1.382034
4352, 1.024834, 1.138018
4352, 1.324300, 1.205755
4384, 0.257692, 1.641856
4384, 0.489513, 1.450838
4384, 1.030107, 1.142943
4384, 1.345452, 1.223792
4416, 0.268064, 1.614848
4416, 0.604296, 1.365954
4416, 1.035233, 1.147130
4416, 1.340523, 1.225871
4448, 0.257202, 1.604507
4448, 0.708092, 1.284854
4448, 1.028150, 1.154603
4448, 1.316118, 1.196549
4480, 0.278573, 1.594872
4480, 0.549523, 1.425301
4480, 1.025509, 1.152257
4480, 1.289123, 1.179631
4512, 0.275350, 1.605462
4512, 0.515577, 1.449318
4512, 1.021669, 1.148570
4512, 1.323810, 1.209787
4544, 0.252816, 1.626620
4544, 0.653085, 1.311917
4544, 1.023861, 1.141747
4544, 1.277725, 1.162568
4576, 0.266191, 1.610827
4576, 0.471754, 1.504094
4576, 1.036501, 1.166027
4576, 1.341502, 1.208210
4608, 0.260213, 1.601022
4608, 0.563062, 1.415097
4608, 1.014660, 1.138697
4608, 1.330721, 1.211719
4640, 0.251271, 1.633386
4640, 0.437983, 1.500136
4640, 1.013577, 1.139011
4640, 1.332355, 1.215763
4672, 0.262596, 1.615705
4672, 0.576358, 1.400690
4672, 1.010139, 1.146512
4672, 1.305665, 1.202010
4704, 0.234940, 1.632745
4704, 0.649627, 1.348187
4704, 1.023141, 1.169518
4704, 1.314038, 1.194942
4736, 0.251560, 1.615232
4736, 0.473238, 1.489126
4736, 1.034125, 1.169755
4736, 1.332274, 1.203955
4768, 0.256171, 1.607130
4768, 0.680005, 1.303678
4768, 1.007795, 1.175707
4768, 1.328180, 1.209409
4800, 0.260480, 1.601969
4800, 0.466125, 1.476729
4800, 1.003842, 1.148171
4800, 1.318149, 1.200488
4832, 0.253294, 1.621979
4832, 0.538583, 1.439108
4832, 1.005694, 1.165578
4832, 1.340369, 1.223831
4864, 0.270774, 1.614484
4864, 0.348338, 1.598184
4864, 1.013306, 1.174255
4864, 1.333657, 1.214837
4896, 0.281557, 1.595936
4896, 0.458684, 1.502913
4896, 0.997998, 1.153576
4896, 1.349660, 1.231842
4928, 0.237430, 1.646918
4928, 0.450971, 1.498556
4928, 1.003851, 1.167036
4928, 1.350712, 1.227018
4960, 0.272326, 1.603369
4960, 0.526236, 1.429519
4960, 1.021189, 1.180645
4960, 1.294634, 1.189890
4992, 0.242003, 1.614284
4992, 0.442817, 1.507278
4992, 1.001912, 1.165026
4992, 1.321262, 1.197824
5024, 0.262936, 1.618315
5024, 0.414128, 1.534636
5024, 0.994697, 1.156330
5024, 1.322463, 1.206121
5056, 0.238911, 1.623234
5056, 0.404026, 1.541993
5056, 1.000966, 1.163694
5056, 1.296930, 1.176689
5088, 0.243395, 1.622837
5088, 0.480731, 1.469891
5088, 1.004354, 1.157319
5088, 1.351398, 1.232606
5120, 0.245256, 1.626120
5120, 0.542360, 1.445802
5120, 0.995138, 1.171941
5120, 1.284519, 1.164140
5152, 0.226966, 1.657537
5152, 0.516532, 1.448770
5152, 0.993059, 1.173056
5152, 1.304290, 1.188271
5184, 0.237102, 1.635179
5184, 0.408225, 1.547974
5184, 0.986783, 1.169150
5184, 1.311830, 1.194729
5216, 0.232070, 1.644151
5216, 0.370892, 1.576969
5216, 1.000270, 1.173016
5216, 1.316197, 1.196178
5248, 0.248029, 1.648059
5248, 0.461872, 1.497314
5248, 0.986742, 1.176343
5248, 1.297098, 1.191265
5280, 0.230653, 1.630646
5280, 0.385168, 1.571281
5280, 0.993444, 1.168495
5280, 1.347108, 1.221061
5312, 0.243949, 1.631943
5312, 0.551716, 1.418814
5312, 0.985649, 1.160854
5312, 1.338768, 1.210374
5344, 0.274992, 1.598425
5344, 0.382389, 1.543543
5344, 0.990949, 1.170746
5344, 1.341959, 1.214415
5376, 0.235435, 1.640688
5376, 0.431989, 1.533400
5376, 0.984632, 1.163845
5376, 1.328230, 1.218903
5408, 0.237546, 1.639882
5408, 0.368747, 1.573486
5408, 0.994887, 1.167741
5408, 1.333837, 1.225356
5440, 0.249903, 1.617467
5440, 0.426005, 1.531565
5440, 0.988077, 1.160566
5440, 1.338814, 1.222441
5472, 0.220209, 1.661118
5472, 0.420914, 1.542569
5472, 0.982047, 1.180562
5472, 1.316669, 1.187637
5504, 0.218521, 1.659756
5504, 0.356808, 1.586957
5504, 0.993974, 1.167714
5504, 1.347386, 1.223495
5536, 0.216192, 1.662372
5536, 0.468988, 1.481545
5536, 0.975117, 1.185363
5536, 1.325034, 1.201879
5568, 0.230286, 1.618431
5568, 0.524079, 1.433867
5568, 0.968768, 1.175405
5568, 1.335440, 1.216834
5600, 0.214906, 1.657976
5600, 0.416663, 1.538681
5600, 0.975543, 1.165562
5600, 1.312295, 1.195014
5632, 0.228207, 1.650146
5632, 0.372549, 1.560889
5632, 0.983391, 1.182886
5632, 1.315938, 1.205121
5664, 0.238869, 1.633955
5664, 0.380979, 1.567910
5664, 0.978315, 1.178539
5664, 1.328894, 1.217850
5696, 0.238233, 1.630849
5696, 0.382496, 1.559259
5696, 0.975477, 1.191291
5696, 1.349121, 1.225089
5728, 0.269979, 1.605031
5728, 0.391973, 1.553238
5728, 0.992284, 1.185502
5728, 1.309915, 1.200313
5760, 0.216921, 1.642713
5760, 0.432894, 1.534193
5760, 0.976773, 1.189040
5760, 1.321335, 1.207857
5792, 0.228612, 1.618416
5792, 0.420446, 1.521722
5792, 0.965459, 1.181101
5792, 1.325859, 1.212574
5824, 0.243814, 1.617149
5824, 0.412190, 1.519190
5824, 0.975977, 1.190834
5824, 1.309570, 1.194160
5856, 0.212278, 1.656742
5856, 0.405439, 1.540879
5856, 0.992222, 1.200830
5856, 1.353663, 1.240118
5888, 0.235430, 1.631979
5888, 0.316081, 1.634917
5888, 0.973548, 1.182217
5888, 1.335240, 1.215195
5920, 0.230613, 1.645014
5920, 0.346087, 1.572030
5920, 0.962066, 1.186756
5920, 1.352229, 1.218824
5952, 0.233655, 1.625767
5952, 0.306292, 1.632031
5952, 0.981606, 1.185151
5952, 1.353824, 1.241393
5984, 0.236687, 1.619842
5984, 0.481662, 1.466694
5984, 0.977241, 1.186482
5984, 1.348178, 1.247321
6016, 0.213009, 1.652586
6016, 0.353503, 1.577895
6016, 0.982654, 1.192340
6016, 1.335822, 1.217218
6048, 0.228051, 1.644158
6048, 0.379105, 1.563604
6048, 0.964924, 1.186540
6048, 1.318636, 1.207585
6080, 0.216099, 1.663472
6080, 0.426374, 1.509533
6080, 0.969257, 1.198194
6080, 1.354036, 1.233055
6112, 0.229279, 1.633557
6112, 0.397438, 1.532669
6112, 0.947693, 1.178569
6112, 1.309722, 1.201640
6144, 0.226464, 1.653246
6144, 0.316163, 1.619224
6144, 0.967486, 1.207988
6144, 1.286103, 1.172228
6176, 0.252349, 1.621306
6176, 0.464802, 1.488128
6176, 0.960694, 1.187616
6176, 1.364793, 1.244865
6208, 0.206933, 1.661919
6208, 0.367464, 1.568063
6208, 0.958919, 1.213413
6208, 1.308781, 1.193102
6240, 0.220330, 1.649611
6240, 0.411848, 1.542124
6240, 0.953451, 1.195269
6240, 1.358030, 1.237974
6272, 0.213946, 1.656019
6272, 0.378803, 1.570677
6272, 0.953586, 1.196932
6272, 1.333208, 1.210777
6304, 0.218099, 1.661895
6304, 0.421432, 1.523649
6304, 0.964445, 1.211544
6304, 1.331447, 1.229691
6336, 0.229222, 1.648640
6336, 0.481730, 1.482628
6336, 0.953767, 1.195827
6336, 1.312652, 1.205647
6368, 0.220216, 1.646668
6368, 0.395379, 1.543585
6368, 0.937197, 1.192184
6368, 1.312082, 1.199583
6400, 0.205213, 1.664468
6400, 0.408910, 1.540488
6400, 0.956023, 1.219028
6400, 1.340966, 1.234086
6432, 0.220064, 1.632638
6432, 0.445108, 1.502346
6432, 0.956042, 1.201167
6432, 1.296255, 1.197890
6464, 0.211817, 1.652532
6464, 0.404975, 1.532740
6464, 0.963711, 1.214276
6464, 1.289327, 1.184550
6496, 0.234381, 1.621956
6496, 0.420982, 1.513504
6496, 0.945126, 1.211288
6496, 1.315234, 1.206282
6528, 0.223971, 1.639525
6528, 0.382231, 1.565707
6528, 0.955716, 1.212176
6528, 1.362498, 1.247538
6560, 0.234574, 1.609191
6560, 0.351296, 1.581583
6560, 0.947615, 1.214738
6560, 1.338423, 1.230926
6592, 0.214807, 1.652135
6592, 0.353994, 1.582441
6592, 0.956292, 1.215962
6592, 1.333072, 1.219939
6624, 0.217035, 1.667856
6624, 0.350284, 1.585154
6624, 0.946943, 1.215836
6624, 1.310145, 1.192191
6656, 0.213758, 1.627986
6656, 0.320495, 1.599443
6656, 0.939784, 1.224296
6656, 1.344890, 1.226829
6688, 0.196217, 1.682699
6688, 0.337902, 1.591496
6688, 0.929669, 1.222119
6688, 1.340330, 1.231162
6720, 0.202805, 1.654077
6720, 0.400974, 1.565728
6720, 0.940009, 1.194071
6720, 1.296304, 1.186510
6752, 0.207903, 1.640405
6752, 0.395994, 1.542829
6752, 0.958327, 1.222561
6752, 1.338010, 1.223294
6784, 0.192585, 1.665517
6784, 0.444119, 1.498796
6784, 0.939372, 1.213325
6784, 1.317690, 1.199773
6816, 0.204198, 1.649883
6816, 0.341845, 1.579688
6816, 0.914644, 1.234814
6816, 1.328859, 1.223425
6848, 0.206772, 1.649677
6848, 0.459262, 1.485983
6848, 0.928446, 1.209256
6848, 1.314400, 1.206284
6880, 0.228249, 1.629099
6880, 0.308586, 1.628934
6880, 0.945051, 1.204795
6880, 1.323022, 1.209097
6912, 0.207895, 1.659708
6912, 0.359347, 1.583793
6912, 0.920363, 1.218432
6912, 1.301862, 1.196542
6944, 0.216983, 1.637283
6944, 0.409307, 1.545842
6944, 0.933981, 1.220730
6944, 1.338417, 1.230644
6976, 0.199202, 1.673822
6976, 0.431676, 1.511729
6976, 0.925404, 1.215315
6976, 1.329048, 1.217958
7008, 0.255995, 1.602399
7008, 0.343575, 1.595068
7008, 0.952228, 1.229225
7008, 1.301579, 1.190639
7040, 0.192187, 1.660661
7040, 0.367629, 1.562361
7040, 0.929880, 1.222260
7040, 1.340718, 1.222071
7072, 0.203243, 1.669658
7072, 0.386925, 1.565831
7072, 0.924669, 1.208518
7072, 1.341443, 1.234325
7104, 0.203582, 1.665607
7104, 0.438089, 1.493172
7104, 0.927357, 1.232772
7104, 1.327998, 1.219961
7136, 0.218052, 1.650484
7136, 0.336212, 1.589962
7136, 0.932341, 1.223149
7136, 1.302938, 1.193149
7168, 0.197832, 1.674493
7168, 0.363251, 1.563152
7168, 0.943689, 1.210702
7168, 1.307883, 1.203362
7200, 0.221937, 1.626220
7200, 0.313454, 1.628111
7200, 0.933827, 1.220113
7200, 1.352899, 1.239544
7232, 0.238101, 1.635718
7232, 0.388909, 1.533172
7232, 0.944520, 1.206905
7232, 1.322698, 1.221397
7264, 0.203066, 1.674992
7264, 0.313079, 1.624911
7264, 0.924481, 1.243028
7264, 1.358026, 1.231719
7296, 0.198794, 1.656634
7296, 0.333094, 1.599473
7296, 0.923730, 1.231657
7296, 1.325690, 1.224534
7328, 0.229160, 1.624975
7328, 0.373051, 1.548837
7328, 0.929216, 1.234798
7328, 1.315576, 1.198185
7360, 0.199984, 1.654211
7360, 0.289146, 1.622883
7360, 0.908249, 1.239371
7360, 1.308569, 1.215276
7392, 0.201510, 1.646429
7392, 0.350753, 1.584026
7392, 0.887965, 1.233861
7392, 1.315489, 1.198858
7424, 0.210532, 1.632530
7424, 0.360468, 1.571361
7424, 0.921593, 1.232322
7424, 1.302168, 1.200340
7456, 0.200254, 1.648581
7456, 0.354453, 1.576745
7456, 0.954057, 1.229836
7456, 1.349032, 1.237220
7488, 0.231871, 1.637174
7488, 0.345349, 1.577420
7488, 0.916127, 1.236050
7488, 1.322217, 1.217008
7520, 0.227779, 1.630059
7520, 0.388523, 1.540097
7520, 0.925989, 1.232920
7520, 1.323584, 1.212810
7552, 0.193720, 1.666599
7552, 0.426692, 1.515690
7552, 0.859319, 1.254083
7552, 1.337761, 1.225093
7584, 0.204704, 1.651660
7584, 0.365180, 1.577499
7584, 0.909653, 1.243266
7584, 1.283416, 1.180634
7616, 0.187392, 1.665406
7616, 0.413217, 1.527482
7616, 0.872726, 1.256749
7616, 1.319020, 1.211430
7648, 0.202582, 1.653195
7648, 0.381995, 1.574885
7648, 0.925084, 1.233445
7648, 1.320530, 1.222865
7680, 0.208808, 1.646534
7680, 0.395971, 1.534753
7680, 0.885388, 1.281039
7680, 1.315526, 1.207978
7712, 0.209226, 1.644037
7712, 0.428160, 1.496050
7712, 0.911087, 1.240010
7712, 1.347409, 1.227822
7744, 0.192383, 1.668670
7744, 0.302730, 1.635793
7744, 0.945357, 1.240337
7744, 1.328924, 1.225862
7776, 0.192332, 1.661474
7776, 0.336277, 1.589091
7776, 0.902842, 1.236226
7776, 1.355839, 1.248380
7808, 0.181536, 1.661741
7808, 0.336377, 1.587466
7808, 0.922454, 1.237649
7808, 1.285612, 1.193912
7840, 0.177467, 1.677038
7840, 0.364666, 1.565854
7840, 0.861519, 1.263806
7840, 1.342499, 1.249525
7872, 0.181998, 1.671781
7872, 0.301759, 1.612327
7872, 0.887723, 1.238953
7872, 1.335676, 1.231316
7904, 0.182726, 1.669638
7904, 0.326437, 1.607471
7904, 0.896642, 1.244076
7904, 1.333110, 1.211178
7936, 0.187047, 1.673037
7936, 0.344015, 1.581475
7936, 0.895758, 1.244395
7936, 1.307635, 1.214540
7968, 0.193892, 1.663878
7968, 0.360218, 1.571095
7968, 0.875161, 1.257329
7968, 1.320234, 1.212469
8000, 0.174719, 1.686584
8000, 0.300940, 1.620469
8000, 0.913289, 1.249372
8000, 1.346014, 1.246073
8032, 0.176471, 1.662857
8032, 0.388981, 1.538205
8032, 0.900701, 1.233014
8032, 1.338865, 1.224955
8064, 0.195808, 1.666030
8064, 0.430894, 1.503159
8064, 0.877390, 1.258856
8064, 1.330681, 1.244802
8096, 0.192430, 1.666320
8096, 0.310013, 1.616358
8096, 0.853978, 1.272314
8096, 1.290324, 1.199916
8128, 0.195860, 1.664626
8128, 0.367467, 1.576041
8128, 0.903304, 1.250537
8128, 1.345953, 1.242241
8160, 0.209292, 1.652513
8160, 0.398357, 1.538954
8160, 0.894509, 1.282139
8160, 1.348591, 1.252704
8192, 0.200368, 1.659850
8192, 0.369362, 1.562700
8192, 0.894971, 1.248975
8192, 1.313164, 1.206948
8224, 0.172817, 1.668016
8224, 0.382696, 1.549360
8224, 0.869498, 1.277967
8224, 1.316934, 1.216757
8256, 0.193664, 1.666610
8256, 0.317407, 1.591300
8256, 0.832116, 1.296051
8256, 1.323755, 1.218877
8288, 0.187275, 1.669030
8288, 0.370592, 1.558319
8288, 0.866737, 1.272855
8288, 1.325836, 1.224013
8320, 0.189807, 1.663554
8320, 0.301567, 1.621161
8320, 0.888451, 1.257882
8320, 1.326141, 1.239803
8352, 0.177396, 1.669109
8352, 0.306134, 1.629422
8352, 0.884653, 1.265263
8352, 1.319019, 1.209756
8384, 0.191943, 1.683735
8384, 0.313173, 1.592861
8384, 0.883571, 1.254183
8384, 1.253728, 1.152658
8416, 0.186908, 1.656720
8416, 0.332358, 1.594075
8416, 0.856777, 1.291822
8416, 1.332479, 1.235551
8448, 0.186652, 1.686669
8448, 0.317144, 1.625084
8448, 0.859786, 1.274996
8448, 1.339194, 1.237588
8480, 0.168208, 1.687596
8480, 0.290219, 1.613080
8480, 0.884133, 1.260720
8480, 1.317666, 1.215981
8512, 0.167989, 1.686600
8512, 0.312355, 1.617480
8512, 0.877600, 1.260544
8512, 1.360923, 1.249125
8544, 0.186373, 1.670147
8544, 0.421408, 1.507056
8544, 0.883544, 1.250713
8544, 1.289118, 1.198151
8576, 0.213856, 1.633917
8576, 0.321327, 1.596885
8576, 0.880190, 1.250714
8576, 1.319916, 1.235764
8608, 0.206356, 1.653093
8608, 0.321735, 1.610534
8608, 0.885076, 1.263850
8608, 1.356766, 1.244869
8640, 0.194115, 1.652779
8640, 0.275192, 1.631843
8640, 0.876553, 1.255866
8640, 1.306486, 1.207926
8672, 0.181116, 1.656294
8672, 0.267984, 1.666751
8672, 0.885626, 1.258538
8672, 1.313574, 1.213989
8704, 0.165038, 1.675509
8704, 0.335236, 1.589423
8704, 0.837392, 1.313286
8704, 1.287273, 1.190380
8736, 0.203510, 1.646138
8736, 0.299330, 1.623259
8736, 0.873947, 1.255979
8736, 1.332991, 1.231397
8768, 0.193613, 1.642745
8768, 0.298261, 1.645653
8768, 0.856975, 1.274443
8768, 1.312569, 1.218892
8800, 0.184358, 1.659769
8800, 0.356514, 1.577416
8800, 0.847406, 1.285948
8800, 1.330471, 1.226705
8832, 0.169810, 1.675369
8832, 0.389367, 1.539360
8832, 0.800575, 1.352580
8832, 1.336501, 1.238117
8864, 0.186098, 1.663000
8864, 0.299342, 1.623974
8864, 0.897686, 1.234524
8864, 1.309382, 1.227831
8896, 0.179918, 1.658768
8896, 0.328212, 1.594689
8896, 0.749694, 1.350547
8896, 1.300370, 1.206766
8928, 0.176325, 1.684480
8928, 0.269678, 1.656892
8928, 0.845355, 1.299089
8928, 1.320790, 1.222424
8960, 0.167009, 1.676785
8960, 0.337035, 1.593800
8960, 0.754415, 1.367181
8960, 1.343200, 1.243485
8992, 0.173462, 1.692556
8992, 0.301010, 1.622382
8992, 0.843494, 1.279448
8992, 1.315944, 1.208420
9024, 0.182784, 1.661573
9024, 0.263126, 1.638544
9024, 0.860578, 1.259004
9024, 1.289742, 1.210485
9056, 0.177707, 1.653765
9056, 0.311032, 1.614951
9056, 0.883109, 1.258258
9056, 1.320748, 1.222137
9088, 0.170399, 1.670167
9088, 0.329426, 1.583684
9088, 0.879057, 1.296094
9088, 1.334702, 1.237470
9120, 0.176020, 1.678010
9120, 0.410065, 1.507728
9120, 0.830330, 1.284404
9120, 1.340032, 1.245487
9152, 0.163552, 1.692155
9152, 0.339652, 1.572933
9152, 0.725786, 1.363084
9152, 1.333299, 1.234614
9184, 0.162566, 1.690590
9184, 0.339009, 1.573120
9184, 0.865158, 1.279331
9184, 1.308977, 1.214987
9216, 0.180206, 1.681746
9216, 0.324389, 1.599949
9216, 0.843579, 1.266612
9216, 1.364419, 1.265235
9248, 0.166999, 1.678545
9248, 0.266976, 1.650475
9248, 0.818231, 1.287064
9248, 1.303711, 1.215832
9280, 0.159782, 1.702967
9280, 0.312203, 1.605675
9280, 0.774982, 1.337755
9280, 1.324626, 1.231556
9312, 0.169511, 1.659900
9312, 0.288870, 1.623826
9312, 0.842578, 1.292573
9312, 1.313118, 1.224134
9344, 0.169074, 1.682018
9344, 0.300215, 1.608906
9344, 0.872205, 1.249185
9344, 1.327486, 1.218902
9376, 0.161201, 1.693537
9376, 0.349164, 1.575970
9376, 0.846225, 1.279090
9376, 1.321228, 1.224167
9408, 0.167763, 1.690452
9408, 0.352602, 1.583461
9408, 0.720850, 1.370949
9408, 1.303263, 1.224114
9440, 0.164598, 1.673215
9440, 0.255645, 1.665472
9440, 0.844131, 1.275425
9440, 1.290844, 1.203376
9472, 0.170464, 1.689196
9472, 0.338655, 1.595406
9472, 0.738302, 1.350973
9472, 1.343144, 1.234598
9504, 0.170089, 1.673150
9504, 0.247298, 1.655356
9504, 0.757162, 1.382535
9504, 1.315784, 1.220071
9536, 0.175131, 1.661135
9536, 0.295808, 1.597919
9536, 0.819671, 1.292118
9536, 1.305688, 1.201472
9568, 0.172024, 1.679299
9568, 0.320522, 1.603834
9568, 0.807823, 1.340824
9568, 1.286681, 1.192820
9600, 0.172047, 1.690732
9600, 0.288690, 1.626295
9600, 0.759572, 1.368209
9600, 1.337420, 1.236556
9632, 0.187552, 1.665309
9632, 0.346623, 1.574241
9632, 0.795158, 1.317616
9632, 1.311996, 1.200272
9664, 0.179291, 1.676501
9664, 0.331614, 1.589034
9664, 0.769088, 1.355805
9664, 1.347470, 1.247144
9696, 0.156731, 1.716632
9696, 0.278832, 1.647768
9696, 0.860657, 1.269116
9696, 1.319382, 1.213619
9728, 0.159486, 1.689394
9728, 0.308611, 1.605475
9728, 0.721524, 1.390306
9728, 1.309207, 1.224348
9760, 0.153108, 1.683688
9760, 0.263330, 1.650788
9760, 0.859685, 1.276870
9760, 1.329506, 1.230638
9792, 0.162029, 1.686685
9792, 0.282316, 1.649876
9792, 0.769313, 1.358607
9792, 1.278869, 1.199610
9824, 0.162163, 1.681412
9824, 0.327802, 1.593374
9824, 0.861493, 1.257207
9824, 1.323872, 1.235459
9856, 0.182662, 1.654709
9856, 0.303458, 1.608645
9856, 0.755078, 1.345319
9856, 1.322714, 1.226389
9888, 0.155563, 1.693720
9888, 0.335213, 1.558375
9888, 0.815145, 1.299043
9888, 1.317019, 1.221110
9920, 0.179461, 1.676944
9920, 0.328410, 1.594459
9920, 0.783192, 1.340701
9920, 1.330704, 1.234337
9952, 0.168669, 1.667682
9952, 0.290285, 1.626821
9952, 0.641538, 1.440486
9952, 1.328681, 1.238323
9984, 0.176156, 1.669449
9984, 0.292191, 1.620137
9984, 0.725971, 1.380608
9984, 1.321310, 1.236536
10016, 0.166744, 1.699884
10016, 0.326864, 1.590869
10016, 0.660044, 1.425001
10016, 1.325303, 1.224338
10048, 0.149696, 1.694162
10048, 0.285317, 1.636162
10048, 0.765269, 1.360208
10048, 1.340192, 1.250813
10080, 0.157148, 1.701111
10080, 0.337767, 1.583940
10080, 0.764602, 1.343315
10080, 1.319568, 1.228085
10112, 0.149717, 1.696347
10112, 0.293395, 1.618776
10112, 0.673505, 1.432334
10112, 1.315371, 1.242413
10144, 0.158296, 1.693130
10144, 0.326872, 1.585818
10144, 0.832841, 1.287012
10144, 1.295350, 1.213122
10176, 0.156265, 1.696403
10176, 0.284428, 1.616094
10176, 0.770543, 1.336266
10176, 1.334812, 1.242088
10208, 0.188554, 1.673490
10208, 0.242326, 1.669367
10208, 0.756223, 1.375992
10208, 1.342748, 1.249211
10240, 0.165752, 1.676764
10240, 0.318452, 1.578017
10240, 0.654668, 1.460101
10240, 1.259382, 1.170604
10272, 0.160693, 1.687259
10272, 0.269253, 1.647619
10272, 0.833000, 1.286413
10272, 1.290666, 1.198692
10304, 0.145860, 1.702399
10304, 0.287277, 1.635821
10304, 0.842521, 1.292938
10304, 1.326880, 1.244735
10336, 0.157605, 1.706846
10336, 0.338524, 1.588289
10336, 0.667247, 1.398360
10336, 1.315461, 1.220356
10368, 0.167905, 1.695159
10368, 0.272135, 1.653574
10368, 0.884381, 1.251943
10368, 1.308529, 1.218171
10400, 0.176069, 1.671751
10400, 0.319640, 1.602719
10400, 0.803912, 1.299444
10400, 1.316626, 1.232795
10432, 0.156034, 1.687695
10432, 0.271232, 1.635039
10432, 0.757868, 1.359576
10432, 1.311453, 1.219111
10464, 0.157785, 1.701152
10464, 0.285540, 1.637493
10464, 0.795842, 1.314558
10464, 1.306983, 1.237979
10496, 0.163972, 1.679584
10496, 0.283780, 1.618667
10496, 0.830201, 1.300863
10496, 1.306262, 1.226001
10528, 0.176555, 1.658261
10528, 0.264747, 1.644181
10528, 0.768475, 1.371722
10528, 1.309019, 1.211483
10560, 0.160055, 1.690330
10560, 0.289881, 1.646985
10560, 0.806574, 1.308366
10560, 1.307373, 1.224068
10592, 0.149299, 1.719664
10592, 0.272476, 1.644047
10592, 0.816907, 1.338754
10592, 1.277494, 1.195867
10624, 0.162444, 1.677407
10624, 0.277112, 1.634591
10624, 0.598792, 1.494306
10624, 1.264036, 1.173848
10656, 0.170323, 1.694117
10656, 0.279329, 1.657220
10656, 0.711884, 1.419232
10656, 1.315988, 1.221992
10688, 0.148790, 1.709766
10688, 0.314592, 1.618174
10688, 0.745824, 1.380341
10688, 1.305336, 1.219160
10720, 0.144973, 1.701666
10720, 0.328925, 1.606440
10720, 0.743510, 1.339776
10720, 1.304781, 1.224220
10752, 0.163996, 1.693620
10752, 0.402118, 1.515239
10752, 0.656943, 1.420767
10752, 1.326593, 1.250634
10784, 0.156873, 1.698618
10784, 0.301210, 1.604373
10784, 0.697691, 1.402116
10784, 1.317176, 1.220190
10816, 0.161340, 1.697988
10816, 0.266455, 1.636689
10816, 0.696745, 1.406423
10816, 1.297874, 1.218266
10848, 0.169869, 1.674971
10848, 0.251907, 1.673665
10848, 0.791058, 1.321988
10848, 1.317426, 1.224613
10880, 0.148207, 1.699142
10880, 0.282073, 1.627103
10880, 0.732200, 1.348775
10880, 1.308222, 1.220445
10912, 0.144311, 1.713306
10912, 0.295962, 1.613983
10912, 0.652227, 1.444940
10912, 1.287860, 1.212161
10944, 0.157610, 1.677331
10944, 0.324665, 1.582042
10944, 0.803472, 1.341114
10944, 1.347859, 1.258718
10976, 0.167299, 1.679942
10976, 0.329276, 1.585306
10976, 0.755953, 1.342816
10976, 1.280337, 1.199147
11008, 0.162008, 1.685818
11008, 0.362256, 1.556848
11008, 0.561724, 1.517517
11008, 1.333238, 1.239931
11040, 0.150292, 1.685548
11040, 0.247039, 1.677904
11040, 0.739099, 1.361183
11040, 1.326174, 1.244750
11072, 0.154306, 1.690073
11072, 0.260943, 1.652532
11072, 0.766746, 1.361016
11072, 1.353513, 1.268571
11104, 0.156225, 1.690542
11104, 0.315065, 1.612961
11104, 0.821810, 1.317559
11104, 1.268036, 1.181081
11136, 0.160135, 1.691425
11136, 0.266510, 1.648618
11136, 0.752952, 1.365610
11136, 1.302016, 1.228536
11168, 0.151472, 1.703950
11168, 0.289037, 1.634759
11168, 0.652683, 1.468937
11168, 1.331209, 1.228629
11200, 0.142841, 1.717914
11200, 0.279720, 1.631340
11200, 0.708397, 1.388961
11200, 1.280428, 1.197470
11232, 0.154718, 1.688620
11232, 0.269695, 1.662174
11232, 0.617267, 1.491227
11232, 1.304247, 1.215682
11264, 0.142209, 1.716915
11264, 0.235356, 1.690945
11264, 0.768572, 1.349381
11264, 1.327168, 1.235681
11296, 0.140537, 1.715583
11296, 0.264085, 1.647984
11296, 0.803983, 1.299666
11296, 1.290333, 1.204603
11328, 0.151313, 1.695923
11328, 0.250160, 1.640326
11328, 0.809106, 1.306481
11328, 1.295521, 1.231205
11360, 0.150636, 1.708794
11360, 0.309927, 1.606970
11360, 0.594401, 1.495021
11360, 1.331132, 1.238742
11392, 0.158704, 1.687538
11392, 0.287567, 1.636096
11392, 0.677737, 1.435265
11392, 1.298908, 1.219049
11424, 0.156858, 1.693107
11424, 0.307664, 1.609683
11424, 0.720387, 1.386238
11424, 1.284495, 1.198411
11456, 0.151022, 1.701733
11456, 0.242278, 1.679197
11456, 0.672632, 1.423678
11456, 1.240371, 1.180653
11488, 0.147430, 1.692702
11488, 0.314667, 1.597405
11488, 0.683445, 1.406187
11488, 1.303030, 1.228917
11520, 0.148063, 1.687443
11520, 0.258715, 1.634837
11520, 0.721608, 1.384487
11520, 1.288590, 1.209123
11552, 0.139801, 1.698632
11552, 0.280760, 1.621481
11552, 0.727658, 1.362608
11552, 1.342820, 1.262937
11584, 0.144091, 1.693284
11584, 0.293686, 1.623136
11584, 0.576668, 1.491765
11584, 1.314137, 1.225757
11616, 0.158478, 1.681606
11616, 0.260980, 1.636654
11616, 0.641678, 1.446859
11616, 1.301815, 1.218075
11648, 0.151181, 1.686079
11648, 0.275483, 1.638613
11648, 0.805546, 1.295456
11648, 1.325374, 1.249271
11680, 0.157622, 1.657018
11680, 0.263942, 1.639035
11680, 0.656827, 1.449082
11680, 1.315505, 1.226497
11712, 0.150177, 1.694680
11712, 0.300361, 1.626356
11712, 0.665533, 1.427580
11712, 1.285688, 1.214348
11744, 0.153201, 1.671658
11744, 0.264897, 1.660520
11744, 0.596494, 1.462263
11744, 1.304491, 1.223276
11776, 0.137129, 1.710183
11776, 0.232279, 1.676326
11776, 0.734335, 1.390843
11776, 1.298720, 1.206343
11808, 0.175640, 1.663827
11808, 0.334434, 1.575412
11808, 0.540336, 1.545341
11808, 1.287872, 1.214418
11840, 0.159159, 1.689751
11840, 0.310069, 1.609991
11840, 0.801275, 1.323940
11840, 1.322596, 1.235865
11872, 0.148566, 1.693377
11872, 0.282059, 1.629607
11872, 0.766024, 1.358653
11872, 1.300340, 1.218673
11904, 0.143555, 1.692961
11904, 0.259785, 1.647233
11904, 0.618099, 1.460625
11904, 1.324163, 1.258621
11936, 0.133568, 1.704738
11936, 0.242286, 1.668370
11936, 0.617943, 1.457168
11936, 1.312255, 1.244425
11968, 0.146648, 1.707250
11968, 0.250955, 1.644182
11968, 0.656144, 1.435967
11968, 1.324788, 1.249201
12000, 0.142261, 1.711745
12000, 0.312813, 1.605794
12000, 0.570922, 1.510418
12000, 1.286832, 1.221629
12032, 0.136018, 1.706349
12032, 0.321952, 1.595313
12032, 0.570425, 1.488117
12032, 1.302856, 1.226214
12064, 0.139107, 1.708603
12064, 0.215777, 1.690145
12064, 0.762464, 1.325382
12064, 1.286448, 1.213839
12096, 0.137036, 1.700774
12096, 0.308694, 1.597479
12096, 0.558579, 1.513065
12096, 1.304833, 1.229171
12128, 0.150372, 1.697186
12128, 0.309868, 1.617972
12128, 0.526946, 1.538229
12128, 1.329284, 1.243125
12160, 0.154444, 1.684912
12160, 0.247048, 1.655778
12160, 0.678387, 1.389654
12160, 1.298061, 1.216648
12192, 0.143847, 1.702911
12192, 0.291888, 1.636177
12192, 0.696688, 1.405420
12192, 1.323417, 1.253082
12224, 0.134332, 1.712982
12224, 0.229406, 1.676803
12224, 0.697088, 1.411501
12224, 1.307701, 1.231491
12256, 0.153415, 1.698019
12256, 0.300512, 1.607872
12256, 0.694664, 1.401601
12256, 1.339450, 1.268399
12288, 0.136988, 1.716074
12288, 0.364949, 1.555852
12288, 0.569360, 1.520367
12288, 1.323223, 1.242015
12320, 0.131120, 1.701790
12320, 0.279337, 1.648277
12320, 0.526761, 1.572643
12320, 1.291289, 1.216549
12352, 0.141393, 1.705662
12352, 0.281234, 1.650826
12352, 0.685105, 1.417917
12352, 1.306536, 1.232766
12384, 0.139594, 1.704481
12384, 0.276360, 1.642253
12384, 0.840771, 1.290388
12384, 1.289857, 1.213223
12416, 0.136977, 1.716570
12416, 0.236991, 1.663968
12416, 0.679194, 1.409316
12416, 1.266217, 1.205408
12448, 0.138178, 1.705070
12448, 0.279547, 1.631329
12448, 0.694510, 1.419571
12448, 1.262036, 1.197335
12480, 0.143620, 1.714918
12480, 0.362389, 1.545821
12480, 0.753294, 1.357219
12480, 1.312858, 1.236535
12512, 0.134250, 1.714960
12512, 0.231571, 1.662942
12512, 0.885677, 1.243354
12512, 1.341572, 1.267989
12544, 0.136203, 1.718980
12544, 0.238312, 1.653667
12544, 0.582221, 1.495899
12544, 1.297015, 1.227280
12576, 0.142738, 1.707121
12576, 0.348902, 1.557625
12576, 0.568983, 1.499161
12576, 1.268813, 1.201174
12608, 0.132148, 1.702880
12608, 0.222424, 1.672010
12608, 0.467058, 1.597828
12608, 1.302988, 1.226579
12640, 0.134965, 1.702882
12640, 0.254232, 1.659199
12640, 0.552151, 1.514436
12640, 1.322942, 1.236684
12672, 0.130808, 1.722238
12672, 0.296159, 1.626319
12672, 0.674519, 1.422633
12672, 1.318055, 1.255565
12704, 0.132492, 1.705542
12704, 0.265285, 1.639259
12704, 0.422317, 1.624986
12704, 1.283086, 1.207219
12736, 0.128131, 1.718607
12736, 0.268528, 1.656432
12736, 0.507864, 1.555126
12736, 1.297067, 1.227116
12768, 0.150625, 1.695971
12768, 0.281149, 1.630253
12768, 0.544138, 1.507765
12768, 1.304329, 1.239000
12800, 0.150653, 1.700786
12800, 0.289556, 1.622422
12800, 0.771262, 1.345089
12800, 1.314486, 1.257503
12832, 0.135637, 1.702830
12832, 0.304155, 1.593398
12832, 0.559218, 1.527789
12832, 1.330766, 1.263234
12864, 0.138137, 1.696358
12864, 0.280683, 1.618463
12864, 0.432402, 1.616861
12864, 1.297207, 1.242299
12896, 0.133795, 1.699577
12896, 0.239514, 1.663450
12896, 0.649508, 1.435878
12896, 1.287400, 1.226254
12928, 0.136254, 1.710559
12928, 0.307283, 1.618987
12928, 0.682856, 1.405006
12928, 1.324361, 1.259518
12960, 0.162002, 1.681236
12960, 0.228341, 1.692576
12960, 0.583446, 1.501753
12960, 1.269480, 1.199680
12992, 0.130370, 1.696674
12992, 0.276895, 1.614243
12992, 0.699321, 1.389572
12992, 1.296263, 1.220313
13024, 0.144245, 1.700874
13024, 0.242907, 1.679658
13024, 0.696300, 1.404407
13024, 1.324507, 1.244592
13056, 0.127622, 1.706398
13056, 0.265156, 1.644913
13056, 0.673931, 1.427024
13056, 1.330108, 1.254874
13088, 0.134494, 1.726031
13088, 0.331193, 1.568023
13088, 0.482396, 1.551031
13088, 1.310557, 1.232705
13120, 0.136275, 1.699898
13120, 0.256820, 1.642572
13120, 0.701598, 1.406606
13120, 1.310652, 1.238530
13152, 0.141891, 1.709526
13152, 0.226554, 1.694774
13152, 0.794527, 1.326087
13152, 1.348633, 1.264592
13184, 0.135885, 1.703917
13184, 0.211425, 1.686536
13184, 0.765356, 1.346510
13184, 1.262854, 1.195361
13216, 0.130115, 1.720852
13216, 0.225303, 1.674490
13216, 0.558999, 1.525626
13216, 1.311386, 1.243835
13248, 0.138826, 1.694746
13248, 0.267310, 1.619105
13248, 0.702222, 1.376082
13248, 1.327320, 1.255095
13280, 0.123067, 1.726936
13280, 0.186251, 1.707031
13280, 0.540543, 1.541049
13280, 1.283952, 1.222909
13312, 0.127543, 1.734558
13312, 0.254060, 1.644807
13312, 0.750084, 1.395448
13312, 1.312961, 1.239571
13344, 0.136215, 1.689418
13344, 0.229376, 1.681559
13344, 0.671676, 1.424778
13344, 1.273240, 1.202222
13376, 0.133594, 1.698158
13376, 0.255573, 1.650858
13376, 0.709615, 1.383957
13376, 1.276046, 1.217188
13408, 0.146906, 1.698198
13408, 0.236361, 1.673012
13408, 0.646697, 1.449333
13408, 1.296782, 1.233847
13440, 0.126592, 1.715700
13440, 0.271561, 1.629963
13440, 0.608937, 1.458531
13440, 1.286786, 1.225823
13472, 0.131184, 1.712280
13472, 0.279334, 1.625304
13472, 0.607254, 1.489177
13472, 1.315969, 1.244553
13504, 0.126764, 1.725533
13504, 0.267500, 1.626318
13504, 0.514133, 1.536009
13504, 1.286375, 1.239471
13536, 0.133365, 1.706247
13536, 0.228341, 1.664243
13536, 0.602106, 1.465615
13536, 1.337583, 1.265261
13568, 0.125805, 1.720684
13568, 0.257907, 1.639261
13568, 0.562919, 1.506082
13568, 1.276369, 1.209980
13600, 0.142467, 1.685864
13600, 0.251596, 1.674438
13600, 0.577059, 1.487998
13600, 1.284110, 1.211068
13632, 0.130670, 1.705730
13632, 0.326396, 1.568418
13632, 0.644519, 1.447182
13632, 1.306321, 1.242848
13664, 0.134604, 1.722676
13664, 0.232416, 1.662906
13664, 0.545478, 1.525737
13664, 1.299023, 1.242858
13696, 0.123619, 1.714630
13696, 0.290937, 1.616755
13696, 0.641712, 1.435328
13696, 1.349732, 1.288942
13728, 0.121331, 1.719629
13728, 0.293971, 1.613244
13728, 0.709094, 1.416729
13728, 1.269405, 1.209867
13760, 0.143121, 1.689197
13760, 0.193582, 1.698807
13760, 0.698428, 1.409764
13760, 1.293347, 1.245965
13792, 0.133708, 1.693692
13792, 0.244960, 1.665827
13792, 0.632722, 1.449888
13792, 1.280616, 1.219773
13824, 0.120319, 1.720167
13824, 0.205439, 1.682367
13824, 0.603563, 1.474288
13824, 1.294996, 1.230157
13856, 0.137231, 1.712915
13856, 0.256487, 1.651363
13856, 0.585601, 1.492675
13856, 1.271313, 1.207439
13888, 0.129208, 1.708876
13888, 0.256877, 1.659540
13888, 0.683242, 1.410842
13888, 1.304935, 1.251707
13920, 0.133870, 1.715984
13920, 0.213559, 1.690745
13920, 0.627549, 1.462766
13920, 1.305783, 1.242752
13952, 0.138023, 1.696789
13952, 0.228962, 1.684651
13952, 0.626008, 1.484246
13952, 1.297120, 1.233891
13984, 0.136451, 1.696838
13984, 0.306432, 1.582275
13984, 0.556392, 1.522002
13984, 1.280039, 1.212650
14016, 0.125223, 1.715513
14016, 0.298518, 1.620300
14016, 0.458534, 1.593528
14016, 1.297579, 1.256247
14048, 0.119245, 1.722525
14048, 0.240952, 1.657765
14048, 0.717318, 1.379896
14048, 1.324157, 1.249729
14080, 0.121860, 1.702851
14080, 0.230554, 1.674252
14080, 0.523665, 1.560857
14080, 1.303225, 1.226570
14112, 0.133300, 1.697179
14112, 0.235311, 1.668971
14112, 0.676309, 1.425013
14112, 1.289770, 1.247777
14144, 0.126854, 1.723006
14144, 0.257458, 1.643171
14144, 0.595350, 1.482511
14144, 1.309640, 1.245763
14176, 0.137348, 1.700497
14176, 0.213128, 1.681562
14176, 0.630305, 1.458348
14176, 1.324434, 1.263538
14208, 0.133268, 1.711512
14208, 0.217841, 1.675694
14208, 0.663054, 1.429736
14208, 1.323060, 1.248670
14240, 0.123135, 1.705870
14240, 0.306883, 1.607882
14240, 0.692404, 1.403117
14240, 1.249472, 1.205022
14272, 0.120363, 1.721772
14272, 0.197000, 1.708228
14272, 0.514789, 1.533708
14272, 1.301322, 1.227518
14304, 0.133022, 1.711204
14304, 0.238086, 1.664712
14304, 0.637517, 1.450961
14304, 1.293765, 1.241456
14336, 0.132779, 1.712201
14336, 0.234907, 1.678238
14336, 0.746025, 1.364976
14336, 1.272094, 1.228918
14368, 0.123753, 1.738238
14368, 0.311929, 1.609195
14368, 0.592601, 1.480091
14368, 1.303700, 1.237630
14400, 0.129910, 1.725552
14400, 0.261544, 1.643783
14400, 0.605814, 1.487680
14400, 1.287333, 1.232816
14432, 0.128513, 1.701878
14432, 0.258715, 1.648999
14432, 0.598826, 1.464808
14432, 1.307048, 1.262916
14464, 0.141543, 1.709662
14464, 0.258745, 1.641143
14464, 0.727097, 1.344011
14464, 1.257101, 1.217766
14496, 0.121759, 1.717763
14496, 0.346324, 1.564802
14496, 0.534258, 1.531750
14496, 1.319074, 1.259190
14528, 0.121852, 1.715443
14528, 0.306420, 1.596005
14528, 0.717215, 1.389936
14528, 1.266971, 1.214896
14560, 0.143606, 1.683216
14560, 0.254202, 1.662384
14560, 0.615163, 1.462629
14560, 1.288723, 1.234295
14592, 0.129992, 1.712280
14592, 0.232820, 1.664270
14592, 0.704517, 1.408668
14592, 1.279760, 1.238160
14624, 0.130087, 1.720242
14624, 0.367883, 1.542893
14624, 0.571791, 1.487547
14624, 1.319099, 1.254410
14656, 0.114989, 1.722183
14656, 0.231145, 1.673768
14656, 0.666277, 1.426298
14656, 1.304296, 1.249948
14688, 0.123706, 1.706319
14688, 0.210956, 1.695186
14688, 0.564315, 1.519268
14688, 1.278641, 1.223540
14720, 0.133577, 1.704573
14720, 0.239652, 1.647311
14720, 0.807156, 1.313007
14720, 1.263318, 1.198705
14752, 0.131804, 1.705652
14752, 0.188526, 1.724083
14752, 0.566064, 1.501602
14752, 1.295396, 1.241691
14784, 0.120306, 1.730921
14784, 0.208663, 1.673829
14784, 0.704398, 1.385154
14784, 1.290192, 1.237778
14816, 0.123269, 1.717074
14816, 0.216937, 1.675129
14816, 0.641534, 1.467284
14816, 1.261988, 1.215570
14848, 0.118619, 1.712312
14848, 0.210438, 1.688111
14848, 0.566531, 1.508098
14848, 1.314089, 1.252570
14880, 0.115005, 1.722610
14880, 0.267101, 1.609097
14880, 0.488207, 1.565437
14880, 1.291187, 1.250423
14912, 0.123420, 1.709223
14912, 0.235233, 1.664289
14912, 0.587247, 1.494732
14912, 1.263928, 1.201081
14944, 0.113607, 1.736039
14944, 0.252309, 1.654526
14944, 0.665871, 1.423889
14944, 1.304511, 1.251654
14976, 0.112899, 1.713638
14976, 0.263753, 1.644269
14976, 0.717656, 1.365972
14976, 1.287678, 1.229680
15008, 0.125374, 1.710848
15008, 0.217375, 1.664141
15008, 0.665147, 1.419100
15008, 1.288713, 1.226596
15040, 0.117150, 1.717853
15040, 0.259723, 1.649692
15040, 0.543439, 1.544707
15040, 1.282656, 1.239947
15072, 0.122012, 1.718587
15072, 0.231262, 1.663929
15072, 0.638877, 1.429263
15072, 1.306137, 1.252099
15104, 0.135528, 1.703777
15104, 0.257384, 1.629916
15104, 0.594008, 1.499853
15104, 1.265693, 1.209790
15136, 0.137619, 1.687257
15136, 0.254750, 1.653510
15136, 0.632503, 1.456999
15136, 1.272892, 1.235861
15168, 0.119257, 1.718124
15168, 0.232882, 1.670892
15168, 0.581732, 1.496110
15168, 1.299364, 1.247854
15200, 0.120712, 1.737565
15200, 0.206864, 1.693500
15200, 0.585553, 1.491891
15200, 1.304261, 1.249352
15232, 0.124724, 1.728972
15232, 0.305548, 1.601106
15232, 0.514224, 1.544029
15232, 1.307109, 1.252920
15264, 0.129170, 1.710166
15264, 0.279780, 1.615838
15264, 0.505492, 1.544096
15264, 1.287698, 1.248428
15296, 0.136511, 1.718656
15296, 0.236823, 1.676900
15296, 0.528546, 1.508715
15296, 1.264460, 1.220507
15328, 0.122984, 1.739214
15328, 0.198989, 1.695390
15328, 0.716146, 1.355424
15328, 1.308280, 1.266474
15360, 0.123171, 1.718583
15360, 0.252892, 1.659219
15360, 0.446495, 1.618759
15360, 1.312476, 1.268314
15392, 0.128414, 1.702480
15392, 0.268677, 1.629071
15392, 0.600012, 1.480859
15392, 1.319517, 1.270835
15424, 0.112983, 1.711964
15424, 0.216412, 1.681369
15424, 0.670270, 1.443875
15424, 1.304894, 1.249319
15456, 0.122975, 1.714224
15456, 0.268506, 1.631892
15456, 0.695371, 1.417769
15456, 1.285923, 1.239958
15488, 0.141461, 1.701298
15488, 0.239565, 1.660347
15488, 0.706212, 1.383147
15488, 1.281068, 1.230166
15520, 0.111173, 1.716731
15520, 0.243266, 1.671456
15520, 0.571737, 1.498442
15520, 1.290553, 1.234948
15552, 0.116657, 1.737771
15552, 0.259180, 1.652027
15552, 0.630047, 1.455728
15552, 1.313487, 1.268991
15584, 0.112711, 1.728987
15584, 0.231410, 1.678920
15584, 0.529070, 1.542827
15584, 1.267226, 1.225860
15616, 0.118268, 1.720825
15616, 0.308969, 1.591112
15616, 0.621895, 1.470399
15616, 1.272942, 1.224171
15648, 0.114073, 1.723722
15648, 0.194677, 1.705648
15648, 0.602754, 1.467266
15648, 1.293336, 1.254241
15680, 0.115355, 1.731286
15680, 0.277297, 1.609695
15680, 0.646606, 1.455082
15680, 1.287099, 1.247090
15712, 0.116736, 1.706185
15712, 0.240069, 1.650462
15712, 0.689241, 1.378417
15712, 1.282235, 1.236465
15744, 0.113670, 1.725758
15744, 0.220954, 1.673319
15744, 0.660891, 1.431688
15744, 1.318455, 1.255956
15776, 0.109143, 1.730208
15776, 0.223297, 1.670349
15776, 0.565769, 1.502532
15776, 1.287330, 1.221773
15808, 0.123786, 1.717669
15808, 0.207926, 1.676941
15808, 0.631163, 1.431909
15808, 1.295669, 1.241908
15840, 0.123854, 1.698449
15840, 0.221180, 1.686199
15840, 0.629860, 1.454464
15840, 1.270643, 1.211481
15872, 0.115908, 1.734890
15872, 0.184745, 1.711715
15872, 0.486873, 1.556459
15872, 1.260516, 1.233517
15904, 0.125427, 1.700165
15904, 0.207990, 1.677008
15904, 0.589383, 1.507638
15904, 1.284862, 1.244845
15936, 0.122166, 1.708737
15936, 0.215571, 1.697030
15936, 0.622243, 1.464747
15936, 1.283183, 1.227216
15968, 0.106891, 1.738365
15968, 0.298580, 1.601934
15968, 0.473269, 1.584540
15968, 1.315683, 1.270492
16000, 0.114777, 1.727449
16000, 0.315453, 1.594670
16000, 0.516315, 1.554730
16000, 1.263129, 1.220586
16032, 0.121440, 1.703434
16032, 0.260668, 1.633950
16032, 0.730514, 1.367868
16032, 1.293591, 1.253063
16064, 0.117354, 1.712063
16064, 0.260781, 1.620678
16064, 0.681474, 1.416770
16064, 1.267779, 1.214700
16096, 0.121402, 1.701503
16096, 0.276351, 1.611945
16096, 0.493792, 1.572530
16096, 1.290571, 1.256854
16128, 0.119635, 1.698262
16128, 0.219791, 1.673631
16128, 0.576882, 1.497554
16128, 1.319879, 1.274001
16160, 0.119055, 1.707264
16160, 0.247391, 1.648022
16160, 0.580787, 1.479723
16160, 1.292745, 1.253703
16192, 0.110328, 1.728160
16192, 0.209916, 1.696810
16192, 0.601294, 1.462089
16192, 1.296709, 1.248979
16224, 0.115026, 1.731865
16224, 0.323411, 1.569441
16224, 0.438265, 1.610662
16224, 1.287251, 1.256400
16256, 0.111349, 1.731098
16256, 0.205528, 1.678968
16256, 0.706089, 1.348530
16256, 1.315780, 1.261632
16288, 0.114811, 1.736038
16288, 0.226825, 1.669091
16288, 0.479831, 1.591078
16288, 1.292892, 1.247622
16320, 0.112571, 1.729327
16320, 0.169905, 1.730506
16320, 0.581519, 1.490841
16320, 1.250247, 1.215304
16352, 0.116547, 1.732929
16352, 0.276882, 1.634956
16352, 0.617342, 1.434566
16352, 1.266493, 1.240420
16384, 0.113288, 1.706580
16384, 0.243916, 1.648554
16384, 0.706064, 1.365396
16384, 1.300890, 1.268253
16416, 0.112178, 1.741312
16416, 0.190685, 1.692941
16416, 0.468545, 1.585914
16416, 1.282273, 1.249902
16448, 0.121278, 1.718934
16448, 0.208649, 1.690130
16448, 0.558345, 1.502419
16448, 1.264211, 1.228328
16480, 0.108957, 1.713934
16480, 0.189321, 1.701670
16480, 0.517852, 1.552068
16480, 1.280837, 1.234959
16512, 0.126565, 1.696416
16512, 0.218229, 1.684261
16512, 0.630462, 1.461596
16512, 1.294402, 1.256162
16544, 0.123104, 1.710290
16544, 0.211666, 1.681737
16544, 0.635198, 1.431623
16544, 1.291442, 1.248134
16576, 0.118564, 1.718791
16576, 0.175029, 1.726985
16576, 0.513742, 1.554034
16576, 1.304716, 1.260622
16608, 0.106135, 1.713489
16608, 0.250669, 1.649502
16608, 0.591637, 1.508708
16608, 1.301152, 1.270209
16640, 0.119670, 1.702227
16640, 0.171490, 1.723617
16640, 0.532312, 1.523916
16640, 1.286829, 1.238057
16672, 0.107898, 1.732171
16672, 0.262243, 1.621230
16672, 0.509931, 1.524292
16672, 1.306617, 1.285101
16704, 0.126317, 1.696954
16704, 0.219520, 1.682673
16704, 0.526741, 1.534739
16704, 1.273792, 1.227959
16736, 0.107947, 1.736624
16736, 0.203173, 1.693112
16736, 0.516470, 1.536955
16736, 1.271103, 1.229394
16768, 0.112403, 1.711587
16768, 0.248350, 1.656649
16768, 0.663801, 1.445841
16768, 1.284796, 1.235585
16800, 0.110559, 1.725658
16800, 0.224254, 1.667096
16800, 0.451951, 1.609101
16800, 1.295649, 1.254938
16832, 0.111101, 1.729256
16832, 0.193314, 1.683979
16832, 0.520697, 1.523189
16832, 1.333583, 1.293875
16864, 0.114652, 1.728942
16864, 0.220857, 1.675102
16864, 0.510530, 1.548272
16864, 1.319913, 1.281106
16896, 0.103980, 1.730197
16896, 0.283727, 1.627411
16896, 0.641728, 1.439227
16896, 1.307646, 1.265055
16928, 0.107132, 1.726992
16928, 0.192947, 1.701487
16928, 0.521046, 1.555372
16928, 1.311590, 1.278018
16960, 0.105806, 1.723874
16960, 0.238974, 1.660244
16960, 0.620878, 1.481646
16960, 1.338063, 1.303260
16992, 0.113846, 1.730574
16992, 0.230295, 1.676313
16992, 0.641279, 1.446273
16992, 1.253700, 1.211593
17024, 0.105724, 1.728578
17024, 0.290487, 1.599135
17024, 0.654512, 1.431829
17024, 1.320412, 1.270705
17056, 0.108848, 1.735965
17056, 0.174084, 1.715203
17056, 0.524612, 1.517879
17056, 1.287964, 1.243974
17088, 0.108633, 1.727984
17088, 0.237304, 1.670068
17088, 0.470468, 1.575415
17088, 1.323284, 1.277191
17120, 0.107504, 1.718537
17120, 0.178557, 1.721870
17120, 0.517572, 1.553524
17120, 1.285750, 1.248891
17152, 0.104115, 1.728771
17152, 0.235031, 1.661150
17152, 0.529971, 1.523569
17152, 1.305604, 1.262213
17184, 0.115872, 1.721341
17184, 0.252717, 1.650525
17184, 0.516411, 1.566872
17184, 1.262255, 1.229843
17216, 0.111311, 1.724541
17216, 0.231562, 1.673799
17216, 0.599419, 1.470342
17216, 1.300950, 1.260285
17248, 0.110669, 1.714654
17248, 0.233503, 1.654855
17248, 0.438508, 1.607704
17248, 1.271855, 1.253957
17280, 0.124040, 1.687418
17280, 0.250819, 1.646627
17280, 0.556209, 1.496333
17280, 1.261920, 1.243836
17312, 0.110611, 1.720943
17312, 0.196783, 1.702699
17312, 0.520676, 1.521382
17312, 1.301305, 1.272480
17344, 0.100889, 1.743076
17344, 0.206519, 1.677730
17344, 0.471627, 1.577121
17344, 1.278655, 1.239250
17376, 0.109537, 1.725003
17376, 0.215183, 1.684864
17376, 0.537619, 1.532977
17376, 1.284951, 1.244683
17408, 0.103825, 1.721238
17408, 0.208695, 1.688055
17408, 0.611087, 1.471992
17408, 1.309563, 1.281167
17440, 0.117198, 1.711338
17440, 0.242244, 1.655339
17440, 0.498122, 1.546650
17440, 1.326175, 1.287101
17472, 0.108020, 1.726045
17472, 0.216770, 1.688744
17472, 0.677357, 1.410268
17472, 1.309741, 1.287460
17504, 0.108593, 1.715172
17504, 0.191206, 1.701250
17504, 0.513268, 1.552190
17504, 1.314169, 1.260652
17536, 0.116508, 1.709945
17536, 0.253664, 1.653584
17536, 0.652467, 1.431268
17536, 1.318533, 1.291969
17568, 0.112193, 1.708354
17568, 0.204992, 1.696560
17568, 0.599241, 1.470588
17568, 1.273367, 1.241769
17600, 0.115995, 1.718644
17600, 0.274457, 1.621442
17600, 0.691115, 1.414289
17600, 1.257156, 1.218010
17632, 0.106140, 1.729101
17632, 0.223538, 1.675580
17632, 0.447847, 1.600063
17632, 1.272842, 1.227767
17664, 0.118868, 1.710197
17664, 0.228175, 1.688133
17664, 0.644756, 1.444740
17664, 1.270313, 1.252624
17696, 0.109089, 1.730519
17696, 0.228031, 1.664995
17696, 0.539904, 1.512119
17696, 1.248202, 1.230436
17728, 0.114758, 1.721753
17728, 0.218118, 1.662398
17728, 0.563257, 1.508342
17728, 1.251174, 1.221229
17760, 0.108876, 1.740721
17760, 0.220947, 1.660315
17760, 0.533181, 1.553343
17760, 1.281573, 1.259978
17792, 0.103366, 1.717585
17792, 0.216699, 1.668769
17792, 0.422838, 1.620952
17792, 1.269295, 1.249250
17824, 0.106741, 1.732419
17824, 0.183245, 1.716683
17824, 0.531952, 1.550650
17824, 1.269372, 1.235522
17856, 0.102973, 1.727432
17856, 0.314638, 1.600975
17856, 0.600971, 1.453471
17856, 1.260845, 1.239611
17888, 0.112258, 1.710367
17888, 0.190651, 1.714019
17888, 0.503504, 1.564296
17888, 1.266763, 1.229899
17920, 0.101830, 1.737544
17920, 0.203337, 1.691528
17920, 0.581012, 1.496579
17920, 1.254046, 1.228609
17952, 0.097502, 1.741986
17952, 0.226838, 1.662971
17952, 0.489232, 1.580286
17952, 1.256293, 1.215344
17984, 0.110933, 1.715500
17984, 0.217591, 1.675860
17984, 0.582998, 1.480049
17984, 1.297415, 1.279262
18016, 0.116001, 1.716774
18016, 0.201014, 1.690599
18016, 0.550064, 1.513808
18016, 1.266830, 1.240195
18048, 0.099530, 1.733134
18048, 0.223767, 1.658860
18048, 0.432611, 1.616314
18048, 1.282827, 1.262237
18080, 0.098102, 1.740395
18080, 0.216802, 1.676014
18080, 0.600998, 1.471106
18080, 1.273799, 1.242588
18112, 0.113414, 1.705644
18112, 0.212124, 1.670581
18112, 0.556765, 1.503131
18112, 1.269428, 1.244590
18144, 0.114379, 1.710159
18144, 0.154281, 1.746741
18144, 0.521198, 1.550935
18144, 1.252893, 1.242031
18176, 0.116881, 1.731770
18176, 0.229805, 1.673132
18176, 0.531789, 1.535689
18176, 1.249793, 1.209582
18208, 0.105327, 1.711783
18208, 0.259638, 1.634067
18208, 0.692614, 1.401325
18208, 1.258175, 1.222035
18240, 0.102745, 1.721355
18240, 0.166644, 1.738439
18240, 0.458250, 1.592180
18240, 1.288875, 1.257091
18272, 0.103903, 1.734773
18272, 0.233425, 1.653907
18272, 0.528760, 1.529013
18272, 1.277458, 1.248843
18304, 0.114793, 1.715719
18304, 0.208749, 1.676187
18304, 0.563080, 1.516657
18304, 1.280151, 1.250634
18336, 0.108647, 1.730897
18336, 0.182755, 1.720849
18336, 0.565456, 1.491681
18336, 1.300974, 1.270499
18368, 0.112435, 1.732260
18368, 0.250833, 1.654150
18368, 0.677733, 1.413054
18368, 1.294911, 1.272142
18400, 0.105424, 1.732612
18400, 0.172932, 1.723285
18400, 0.504123, 1.554399
18400, 1.244534, 1.225535
18432, 0.105607, 1.712361
18432, 0.179989, 1.729580
18432, 0.347366, 1.723353
18432, 1.253199, 1.204742
18464, 0.096250, 1.741136
18464, 0.196283, 1.703227
18464, 0.529989, 1.541434
18464, 1.255223, 1.248187
18496, 0.104235, 1.723554
18496, 0.229496, 1.670979
18496, 0.524554, 1.526741
18496, 1.290991, 1.274106
18528, 0.103684, 1.721316
18528, 0.225286, 1.679971
18528, 0.597293, 1.469072
18528, 1.304243, 1.276862
18560, 0.095906, 1.726982
18560, 0.219279, 1.671280
18560, 0.383723, 1.670671
18560, 1.231322, 1.223268
18592, 0.105381, 1.731690
18592, 0.159975, 1.739225
18592, 0.587249, 1.473789
18592, 1.269357, 1.249946
18624, 0.100011, 1.731006
18624, 0.230152, 1.671176
18624, 0.571909, 1.496606
18624, 1.303222, 1.278683
18656, 0.106163, 1.716827
18656, 0.212193, 1.674016
18656, 0.501937, 1.545479
18656, 1.286590, 1.269619
18688, 0.108609, 1.712397
18688, 0.189724, 1.706420
18688, 0.415542, 1.635463
18688, 1.331057, 1.313508
18720, 0.101169, 1.735983
18720, 0.202088, 1.694359
18720, 0.572572, 1.491913
18720, 1.290688, 1.267228
18752, 0.098813, 1.748339
18752, 0.214037, 1.675773
18752, 0.535747, 1.548521
18752, 1.274047, 1.232335
18784, 0.100211, 1.714229
18784, 0.175663, 1.697394
18784, 0.619134, 1.471561
18784, 1.296445, 1.291039
18816, 0.110044, 1.723386
18816, 0.169790, 1.713735
18816, 0.449195, 1.599432
18816, 1.283652, 1.272534
18848, 0.110528, 1.720987
18848, 0.202463, 1.714675
18848, 0.496668, 1.573668
18848, 1.228642, 1.215281
18880, 0.104554, 1.727855
18880, 0.204524, 1.686741
18880, 0.417265, 1.611299
18880, 1.277071, 1.254023
18912, 0.108055, 1.711332
18912, 0.197795, 1.686322
18912, 0.330167, 1.688617
18912, 1.224053, 1.202745
18944, 0.094770, 1.737753
18944, 0.211498, 1.662963
18944, 0.528465, 1.535930
18944, 1.276798, 1.253124
18976, 0.103794, 1.744003
18976, 0.162041, 1.747962
18976, 0.630771, 1.459823
18976, 1.266143, 1.243782
19008, 0.104545, 1.730534
19008, 0.189318, 1.723392
19008, 0.613659, 1.453337
19008, 1.273480, 1.248652
19040, 0.109906, 1.738898
19040, 0.172820, 1.700807
19040, 0.578815, 1.502992
19040, 1.218757, 1.208413
19072, 0.100471, 1.737618
19072, 0.220689, 1.684165
19072, 0.564108, 1.497058
19072, 1.275768, 1.253938
19104, 0.098007, 1.741643
19104, 0.202300, 1.692139
19104, 0.630845, 1.457929
19104, 1.244873, 1.237321
19136, 0.095501, 1.743026
19136, 0.197368, 1.701350
19136, 0.549912, 1.506555
19136, 1.282496, 1.266211
19168, 0.095579, 1.732711
19168, 0.193415, 1.708057
19168, 0.500520, 1.553415
19168, 1.286177, 1.249746
19200, 0.101346, 1.747496
19200, 0.215897, 1.662017
19200, 0.480956, 1.583059
19200, 1.288952, 1.264246
19232, 0.101283, 1.713768
19232, 0.247533, 1.659996
19232, 0.638070, 1.466287
19232, 1.264775, 1.255376
19264, 0.099529, 1.731269
19264, 0.185623, 1.712141
19264, 0.639555, 1.432312
19264, 1.270551, 1.262728
19296, 0.103604, 1.726130
19296, 0.185660, 1.696953
19296, 0.465024, 1.591126
19296, 1.284427, 1.273119
19328, 0.102404, 1.743303
19328, 0.183844, 1.697543
19328, 0.587668, 1.496387
19328, 1.249467, 1.226222
19360, 0.094307, 1.743234
19360, 0.187867, 1.694468
19360, 0.476279, 1.582210
19360, 1.333769, 1.335238
19392, 0.122820, 1.709485
19392, 0.247617, 1.632242
19392, 0.472241, 1.572265
19392, 1.299667, 1.288747
19424, 0.100698, 1.730538
19424, 0.180484, 1.702340
19424, 0.483490, 1.594081
19424, 1.268896, 1.258681
19456, 0.113838, 1.705867
19456, 0.212019, 1.687647
19456, 0.406666, 1.646068
19456, 1.247844, 1.245004
19488, 0.113468, 1.704587
19488, 0.191827, 1.693582
19488, 0.497510, 1.535428
19488, 1.275265, 1.263926
19520, 0.103300, 1.731924
19520, 0.192899, 1.711692
19520, 0.379753, 1.689397
19520, 1.266217, 1.257197
19552, 0.105645, 1.727641
19552, 0.180221, 1.700733
19552, 0.604908, 1.455866
19552, 1.300750, 1.281773
19584, 0.102010, 1.736193
19584, 0.202431, 1.694977
19584, 0.487623, 1.582906
19584, 1.256409, 1.243479
19616, 0.094256, 1.744836
19616, 0.206869, 1.688529
19616, 0.477222, 1.596020
19616, 1.279360, 1.273853
19648, 0.100385, 1.711463
19648, 0.199657, 1.687553
19648, 0.553804, 1.505837
19648, 1.249444, 1.259174
19680, 0.107384, 1.718557
19680, 0.223867, 1.663623
19680, 0.510776, 1.533360
19680, 1.293599, 1.260968
19712, 0.106655, 1.715481
19712, 0.169834, 1.714954
19712, 0.520121, 1.538718
19712, 1.273900, 1.266526
19744, 0.113807, 1.716002
19744, 0.164544, 1.726863
19744, 0.397243, 1.613620
19744, 1.269881, 1.264725
19776, 0.099466, 1.722156
19776, 0.208878, 1.679894
19776, 0.473233, 1.581180
19776, 1.278373, 1.251657
19808, 0.104608, 1.732890
19808, 0.221511, 1.668151
19808, 0.628212, 1.469096
19808, 1.280253, 1.256306
19840, 0.108606, 1.700738
19840, 0.201500, 1.679537
19840, 0.494836, 1.578581
19840, 1.276838, 1.272374
19872, 0.096346, 1.746109
19872, 0.197821, 1.692442
19872, 0.517049, 1.551046
19872, 1.305068, 1.296893
19904, 0.108656, 1.732304
19904, 0.244474, 1.658403
19904, 0.521008, 1.535571
19904, 1.269706, 1.256389
19936, 0.102647, 1.722815
19936, 0.198138, 1.702855
19936, 0.555841, 1.491208
19936, 1.266227, 1.249051
19968, 0.094410, 1.720178
19968, 0.188784, 1.684526
19968, 0.463962, 1.601433
19968, 1.289688, 1.280361
20000, 0.101839, 1.712418
20000, 0.273759, 1.622252
20000, 0.574476, 1.480074
20000, 1.231256, 1.217070
20032, 0.101309, 1.736789
20032, 0.244345, 1.676161
20032, 0.540069, 1.524984
20032, 1.243384, 1.236092
20064, 0.096244, 1.742873
20064, 0.234378, 1.643756
20064, 0.536136, 1.531654
20064, 1.256595, 1.261419
20096, 0.100940, 1.708790
20096, 0.200170, 1.706616
20096, 0.372018, 1.662739
20096, 1.302404, 1.289098
20128, 0.107649, 1.732442
20128, 0.249295, 1.626684
20128, 0.515338, 1.560713
20128, 1.275372, 1.261577
20160, 0.092094, 1.738258
20160, 0.156172, 1.751064
20160, 0.512356, 1.528296
20160, 1.257195, 1.233352
20192, 0.091353, 1.736824
20192, 0.193436, 1.697415
20192, 0.445590, 1.593476
20192, 1.286529, 1.284051
20224, 0.092876, 1.743777
20224, 0.208025, 1.675512
20224, 0.590252, 1.483557
20224, 1.304538, 1.295948
20256, 0.096552, 1.737545
20256, 0.210419, 1.683187
20256, 0.501454, 1.543006
20256, 1.273025, 1.264462
20288, 0.097252, 1.730047
20288, 0.195642, 1.682861
20288, 0.493551, 1.577507
20288, 1.277688, 1.286452
20320, 0.096566, 1.739358
20320, 0.155337, 1.737453
20320, 0.519488, 1.529557
20320, 1.236764, 1.223709
20352, 0.098630, 1.726498
20352, 0.173396, 1.720599
20352, 0.393146, 1.645587
20352, 1.275971, 1.268940
20384, 0.101392, 1.721549
20384, 0.169578, 1.706704
20384, 0.562053, 1.494770
20384, 1.287152, 1.279543
20416, 0.098912, 1.724058
20416, 0.182791, 1.707033
20416, 0.460803, 1.582970
20416, 1.281879, 1.279480
20448, 0.101832, 1.735427
20448, 0.166919, 1.729565
20448, 0.508402, 1.544613
20448, 1.272461, 1.269697
20480, 0.093849, 1.757743
20480, 0.186820, 1.694184
20480, 0.479585, 1.571624
20480, 1.254004, 1.249031
20512, 0.091458, 1.737843
20512, 0.197434, 1.689535
20512, 0.471220, 1.576209
20512, 1.288886, 1.299986
20544, 0.093288, 1.737322
20544, 0.165049, 1.717798
20544, 0.367680, 1.674928
20544, 1.245056, 1.241069
20576, 0.096528, 1.750426
20576, 0.207099, 1.681277
20576, 0.600185, 1.468465
20576, 1.263504, 1.251886
20608, 0.096617, 1.728685
20608, 0.155015, 1.738177
20608, 0.356302, 1.663122
20608, 1.290329, 1.284794
20640, 0.103781, 1.727674
20640, 0.157440, 1.730339
20640, 0.441971, 1.597923
20640, 1.296551, 1.286394
20672, 0.093339, 1.746944
20672, 0.216258, 1.680171
20672, 0.502243, 1.556517
20672, 1.248067, 1.245605
20704, 0.094486, 1.745387
20704, 0.198548, 1.686828
20704, 0.574603, 1.498775
20704, 1.262112, 1.259014
20736, 0.091921, 1.737753
20736, 0.186613, 1.701164
20736, 0.561128, 1.493472
20736, 1.264117, 1.273911
20768, 0.096713, 1.723782
20768, 0.218476, 1.677362
20768, 0.555899, 1.499936
20768, 1.288778, 1.290015
20800, 0.094790, 1.738826
20800, 0.202991, 1.680631
20800, 0.529954, 1.528073
20800, 1.300420, 1.300642
20832, 0.097841, 1.728628
20832, 0.180562, 1.707399
20832, 0.562828, 1.512264
20832, 1.276501, 1.276915
20864, 0.096110, 1.739503
20864, 0.164373, 1.712151
20864, 0.527866, 1.527104
20864, 1.240704, 1.252387
20896, 0.092307, 1.736755
20896, 0.200631, 1.699721
20896, 0.391752, 1.657873
20896, 1.233784, 1.247069
20928, 0.098854, 1.728325
20928, 0.179352, 1.710253
20928, 0.596629, 1.476196
20928, 1.247634, 1.242075
20960, 0.095319, 1.739532
20960, 0.213314, 1.651576
20960, 0.575236, 1.511437
20960, 1.231962, 1.221765
20992, 0.105318, 1.735590
20992, 0.215079, 1.666453
20992, 0.403179, 1.631591
20992, 1.231341, 1.231708
21024, 0.099470, 1.747294
21024, 0.190326, 1.693717
21024, 0.440815, 1.596412
21024, 1.287173, 1.271296
21056, 0.095267, 1.734282
21056, 0.215488, 1.666995
21056, 0.581630, 1.485362
21056, 1.270532, 1.257738
21088, 0.090290, 1.714303
21088, 0.229450, 1.648908
21088, 0.406261, 1.627563
21088, 1.258733, 1.260828
21120, 0.097934, 1.714817
21120, 0.197681, 1.695702
21120, 0.544485, 1.527541
21120, 1.241660, 1.230763
21152, 0.101681, 1.710990
21152, 0.189168, 1.719255
21152, 0.563106, 1.497723
21152, 1.244967, 1.230558
21184, 0.111768, 1.704437
21184, 0.210880, 1.666665
21184, 0.575897, 1.496217
21184, 1.259602, 1.252465
21216, 0.096485, 1.731631
21216, 0.179872, 1.724194
21216, 0.580248, 1.491998
21216, 1.272756, 1.275744
21248, 0.098360, 1.733494
21248, 0.163767, 1.715352
21248, 0.480885, 1.563969
21248, 1.231129, 1.226457
21280, 0.105097, 1.729160
21280, 0.191721, 1.705160
21280, 0.431355, 1.607440
21280, 1.265996, 1.274914
21312, 0.084969, 1.752102
21312, 0.188892, 1.703021
21312, 0.471386, 1.613864
21312, 1.242839, 1.249713
21344, 0.091615, 1.743477
21344, 0.188734, 1.701526
21344, 0.506324, 1.560441
21344, 1.270058, 1.271009
21376, 0.093988, 1.736728
21376, 0.155822, 1.745975
21376, 0.390461, 1.646850
21376, 1.273746, 1.258527
21408, 0.094730, 1.738025
21408, 0.205148, 1.694805
21408, 0.486544, 1.556132
21408, 1.240412, 1.237629
21440, 0.097773, 1.733536
21440, 0.162147, 1.741223
21440, 0.540703, 1.522517
21440, 1.296023, 1.272647
21472, 0.099350, 1.727112
21472, 0.175489, 1.711734
21472, 0.432495, 1.593241
21472, 1.243625, 1.219767
21504, 0.086905, 1.758020
21504, 0.143488, 1.742178
21504, 0.599842, 1.456738
21504, 1.251751, 1.258091
21536, 0.090237, 1.748881
21536, 0.176160, 1.722572
21536, 0.350372, 1.677235
21536, 1.274926, 1.272894
21568, 0.096919, 1.738646
21568, 0.169242, 1.720386
21568, 0.460840, 1.595573
21568, 1.293969, 1.309519
21600, 0.094271, 1.725629
21600, 0.164253, 1.740027
21600, 0.457273, 1.588528
21600, 1.247030, 1.263538
21632, 0.095672, 1.748862
21632, 0.172822, 1.725840
21632, 0.507018, 1.540339
21632, 1.296618, 1.278085
21664, 0.088225, 1.753609
21664, 0.223169, 1.669593
21664, 0.551184, 1.515327
21664, 1.235765, 1.248911
21696, 0.087819, 1.742143
21696, 0.183003, 1.695728
21696, 0.501771, 1.548376
21696, 1.283941, 1.288400
21728, 0.110092, 1.715610
21728, 0.171124, 1.692642
21728, 0.414895, 1.612161
21728, 1.241337, 1.236520
21760, 0.089637, 1.745128
21760, 0.192244, 1.692442
21760, 0.528349, 1.515756
21760, 1.279829, 1.282047
21792, 0.089142, 1.752921
21792, 0.142007, 1.758187
21792, 0.326779, 1.687878
21792, 1.231656, 1.236840
21824, 0.093598, 1.751328
21824, 0.159857, 1.732918
21824, 0.359468, 1.663766
21824, 1.266661, 1.268777
21856, 0.090397, 1.744130
21856, 0.142476, 1.764654
21856, 0.516690, 1.535584
21856, 1.261053, 1.283760
21888, 0.087715, 1.750482
21888, 0.154950, 1.723744
21888, 0.401703, 1.646521
21888, 1.285449, 1.272412
21920, 0.095416, 1.736372
21920, 0.206525, 1.693206
21920, 0.437561, 1.612446
21920, 1.258743, 1.263820
21952, 0.091399, 1.727348
21952, 0.192782, 1.698396
21952, 0.533635, 1.545640
21952, 1.243520, 1.245753
21984, 0.090341, 1.734333
21984, 0.214175, 1.681248
21984, 0.441611, 1.586523
21984, 1.268690, 1.260333
22016, 0.092954, 1.723827
22016, 0.169091, 1.726238
22016, 0.509610, 1.539033
22016, 1.265587, 1.263338
22048, 0.093303, 1.735859
22048, 0.192861, 1.702738
22048, 0.560840, 1.516226
22048, 1.293553, 1.293352
22080, 0.088361, 1.731159
22080, 0.149681, 1.727476
22080, 0.481246, 1.565633
22080, 1.262023, 1.266594
22112, 0.096396, 1.725446
22112, 0.145919, 1.752692
22112, 0.516628, 1.535757
22112, 1.262065, 1.263570
22144, 0.101808, 1.733348
22144, 0.180596, 1.697177
22144, 0.369562, 1.676725
22144, 1.245735, 1.245855
22176, 0.105735, 1.724707
22176, 0.206823, 1.674162
22176, 0.544212, 1.501642
22176, 1.253155, 1.245263
22208, 0.087918, 1.733820
22208, 0.210061, 1.687525
22208, 0.475282, 1.594424
22208, 1.246482, 1.256444
22240, 0.084637, 1.741367
22240, 0.212268, 1.695131
22240, 0.454081, 1.590920
22240, 1.282389, 1.300364
22272, 0.091009, 1.749711
22272, 0.171034, 1.704023
22272, 0.538727, 1.542369
22272, 1.289448, 1.313521
22304, 0.087685, 1.733219
22304, 0.168627, 1.716707
22304, 0.511306, 1.535674
22304, 1.262529, 1.268363
22336, 0.112217, 1.715625
22336, 0.191039, 1.692474
22336, 0.484417, 1.575894
22336, 1.245719, 1.260689
22368, 0.092175, 1.722067
22368, 0.175101, 1.725431
22368, 0.474755, 1.569929
22368, 1.279472, 1.289458
22400, 0.091356, 1.729374
22400, 0.167236, 1.731564
22400, 0.591316, 1.448920
22400, 1.258624, 1.280421
22432, 0.088465, 1.758269
22432, 0.257565, 1.638174
22432, 0.357956, 1.674021
22432, 1.254197, 1.258932
22464, 0.090056, 1.743348
22464, 0.146108, 1.721394
22464, 0.428864, 1.615805
22464, 1.253489, 1.260587
22496, 0.089421, 1.743581
22496, 0.187823, 1.703526
22496, 0.568652, 1.510374
22496, 1.245315, 1.268815
22528, 0.094407, 1.741195
22528, 0.152691, 1.722493
22528, 0.464771, 1.577650
22528, 1.240110, 1.264680
22560, 0.085717, 1.740162
22560, 0.163251, 1.740820
22560, 0.482814, 1.588097
22560, 1.258911, 1.263112
22592, 0.082553, 1.739450
22592, 0.163452, 1.732404
22592, 0.500929, 1.540849
22592, 1.271110, 1.279537
22624, 0.084080, 1.723450
22624, 0.169273, 1.724186
22624, 0.493165, 1.584438
22624, 1.251548, 1.272601
22656, 0.082194, 1.722286
22656, 0.197111, 1.698957
22656, 0.339792, 1.708365
22656, 1.263466, 1.259314
22688, 0.091071, 1.725041
22688, 0.178866, 1.710703
22688, 0.527845, 1.554572
22688, 1.284823, 1.294987
22720, 0.093633, 1.739970
22720, 0.167413, 1.741458
22720, 0.534149, 1.499977
22720, 1.255693, 1.274778
22752, 0.081371, 1.749873
22752, 0.192164, 1.711276
22752, 0.437619, 1.588650
22752, 1.282246, 1.292739
22784, 0.086816, 1.736808
22784, 0.153515, 1.745854
22784, 0.388052, 1.640775
22784, 1.202734, 1.239388
22816, 0.087536, 1.734720
22816, 0.161605, 1.756539
22816, 0.483952, 1.553792
22816, 1.227379, 1.250638
22848, 0.098242, 1.735829
22848, 0.150863, 1.729488
22848, 0.576543, 1.506743
22848, 1.255332, 1.260990
22880, 0.091866, 1.736646
22880, 0.209162, 1.681013
22880, 0.541734, 1.514280
22880, 1.214366, 1.229450
22912, 0.095619, 1.737882
22912, 0.203764, 1.687064
22912, 0.393753, 1.639939
22912, 1.234215, 1.247237
22944, 0.087277, 1.739846
22944, 0.169401, 1.726164
22944, 0.405440, 1.635969
22944, 1.235960, 1.244509
22976, 0.084526, 1.750441
22976, 0.192029, 1.680885
22976, 0.463274, 1.593441
22976, 1.254262, 1.264786
23008, 0.088104, 1.739156
23008, 0.216568, 1.684775
23008, 0.516355, 1.548200
23008, 1.271659, 1.299612
23040, 0.100576, 1.744315
23040, 0.153901, 1.724188
23040, 0.380732, 1.661548
23040, 1.231767, 1.233793
23072, 0.093568, 1.738968
23072, 0.178428, 1.711919
23072, 0.478556, 1.557980
23072, 1.287958, 1.313045
23104, 0.081872, 1.760909
23104, 0.191449, 1.691803
23104, 0.565420, 1.515947
23104, 1.229550, 1.245986
23136, 0.087603, 1.744398
23136, 0.168530, 1.715235
23136, 0.447365, 1.580247
23136, 1.241046, 1.266236
23168, 0.088621, 1.734474
23168, 0.247061, 1.629108
23168, 0.467865, 1.560691
23168, 1.263538, 1.293542
23200, 0.084307, 1.750186
23200, 0.160815, 1.732358
23200, 0.352583, 1.695078
23200, 1.255066, 1.275140
23232, 0.087524, 1.749809
23232, 0.199887, 1.680081
23232, 0.493682, 1.562771
23232, 1.262952, 1.270452
23264, 0.091391, 1.754209
23264, 0.165305, 1.711575
23264, 0.323052, 1.718285
23264, 1.254964, 1.256194
23296, 0.079052, 1.742471
23296, 0.195900, 1.668456
23296, 0.397452, 1.616603
23296, 1.273136, 1.305271
23328, 0.091646, 1.731252
23328, 0.174226, 1.728065
23328, 0.469631, 1.554004
23328, 1.280200, 1.315362
23360, 0.080049, 1.762306
23360, 0.147345, 1.745771
23360, 0.338377, 1.681513
23360, 1.243194, 1.272696
23392, 0.086528, 1.751615
23392, 0.173245, 1.708611
23392, 0.478829, 1.581126
23392, 1.227021, 1.253497
23424, 0.084076, 1.738657
23424, 0.204640, 1.673637
23424, 0.401702, 1.640106
23424, 1.251688, 1.285618
23456, 0.087604, 1.741092
23456, 0.151105, 1.731923
23456, 0.533214, 1.528203
23456, 1.300694, 1.302442
23488, 0.086896, 1.738734
23488, 0.157404, 1.737554
23488, 0.424986, 1.605444
23488, 1.263983, 1.303098
23520, 0.087935, 1.730944
23520, 0.177348, 1.701479
23520, 0.452740, 1.609422
23520, 1.271509, 1.294226
23552, 0.085815, 1.761257
23552, 0.233820, 1.672359
23552, 0.514741, 1.548336
23552, 1.269100, 1.291986
23584, 0.093860, 1.721702
23584, 0.239223, 1.656262
23584, 0.377739, 1.646385
23584, 1.281425, 1.278447
23616, 0.081068, 1.755982
23616, 0.193230, 1.710087
23616, 0.425983, 1.629148
23616, 1.242259, 1.272391
23648, 0.085116, 1.749211
23648, 0.157915, 1.734590
23648, 0.446000, 1.595570
23648, 1.254573, 1.262900
23680, 0.101945, 1.725642
23680, 0.200742, 1.677446
23680, 0.600050, 1.483586
23680, 1.237456, 1.254731
23712, 0.084756, 1.755032
23712, 0.177326, 1.685240
23712, 0.487951, 1.559860
23712, 1.226632, 1.267119
23744, 0.088229, 1.751787
23744, 0.192343, 1.697589
23744, 0.436495, 1.601827
23744, 1.245581, 1.267507
23776, 0.085477, 1.752946
23776, 0.224724, 1.656802
23776, 0.562610, 1.497300
23776, 1.217780, 1.238785
23808, 0.085601, 1.751944
23808, 0.151027, 1.726507
23808, 0.555407, 1.514098
23808, 1.201719, 1.233679
23840, 0.078988, 1.741934
23840, 0.233523, 1.652679
23840, 0.433803, 1.627569
23840, 1.227618, 1.260157
23872, 0.092260, 1.721178
23872, 0.206973, 1.700471
23872, 0.432225, 1.605982
23872, 1.242194, 1.253125
23904, 0.091369, 1.744266
23904, 0.185320, 1.711426
23904, 0.341786, 1.686938
23904, 1.210975, 1.234207
23936, 0.091836, 1.742304
23936, 0.139460, 1.759930
23936, 0.538521, 1.518579
23936, 1.237199, 1.259845
23968, 0.083597, 1.749542
23968, 0.161714, 1.711221
23968, 0.528587, 1.534268
23968, 1.239576, 1.270256
24000, 0.083091, 1.745447
24000, 0.214609, 1.653800
24000, 0.443846, 1.614786
24000, 1.264914, 1.303574
24032, 0.080290, 1.764873
24032, 0.177318, 1.697078
24032, 0.379179, 1.635430
24032, 1.267731, 1.286696
24064, 0.095924, 1.718606
24064, 0.187023, 1.689018
24064, 0.595459, 1.497758
24064, 1.258889, 1.296788
24096, 0.085011, 1.764342
24096, 0.215381, 1.673528
24096, 0.516273, 1.559085
24096, 1.247086, 1.266824
24128, 0.091069, 1.732780
24128, 0.157577, 1.720695
24128, 0.521398, 1.532668
24128, 1.217960, 1.245090
24160, 0.079284, 1.734001
24160, 0.156303, 1.729614
24160, 0.400699, 1.629626
24160, 1.263451, 1.294949
24192, 0.083927, 1.751848
24192, 0.138180, 1.753503
24192, 0.385420, 1.677430
24192, 1.269289, 1.299395
24224, 0.086152, 1.727268
24224, 0.153346, 1.723546
24224, 0.419117, 1.615431
24224, 1.227877, 1.271129
24256, 0.076658, 1.748926
24256, 0.224697, 1.664612
24256, 0.430893, 1.607440
24256, 1.241377, 1.272459
24288, 0.080309, 1.746892
24288, 0.160394, 1.733920
24288, 0.413284, 1.630350
24288, 1.240029, 1.249677
24320, 0.079657, 1.755998
24320, 0.195861, 1.709016
24320, 0.336478, 1.685327
24320, 1.232610, 1.285787
24352, 0.085808, 1.747635
24352, 0.194954, 1.691954
24352, 0.488596, 1.568596
24352, 1.244190, 1.286473
24384, 0.081776, 1.761699
24384, 0.175750, 1.713611
24384, 0.427008, 1.617546
24384, 1.285511, 1.325417
24416, 0.080307, 1.739618
24416, 0.200934, 1.695409
24416, 0.354422, 1.687088
24416, 1.205397, 1.246536
24448, 0.078137, 1.739449
24448, 0.141828, 1.752106
24448, 0.411346, 1.631686
24448, 1.240124, 1.280194
24480, 0.094194, 1.728629
24480, 0.165757, 1.702046
24480, 0.516361, 1.537440
24480, 1.238477, 1.283063
24512, 0.086975, 1.739310
24512, 0.168521, 1.706580
24512, 0.466626, 1.569528
24512, 1.239486, 1.264019
24544, 0.084275, 1.743385
24544, 0.255801, 1.631157
24544, 0.470479, 1.584844
24544, 1.227211, 1.281320
24576, 0.086131, 1.754479
24576, 0.139566, 1.742316
24576, 0.398530, 1.610730
24576, 1.290679, 1.331242
24608, 0.087192, 1.728779
24608, 0.175594, 1.687570
24608, 0.549570, 1.501781
24608, 1.223847, 1.260481
24640, 0.098580, 1.737974
24640, 0.164997, 1.721520
24640, 0.413815, 1.621486
24640, 1.227861, 1.279382
24672, 0.075130, 1.750318
24672, 0.239532, 1.648294
24672, 0.414459, 1.615452
24672, 1.269186, 1.297015
24704, 0.079869, 1.753063
24704, 0.143810, 1.738056
24704, 0.403980, 1.609793
24704, 1.289346, 1.322940
24736, 0.093441, 1.734468
24736, 0.161577, 1.739785
24736, 0.432107, 1.591663
24736, 1.246203, 1.273073
24768, 0.091466, 1.726444
24768, 0.208926, 1.679208
24768, 0.344228, 1.678287
24768, 1.271384, 1.306980
24800, 0.087402, 1.756098
24800, 0.200924, 1.689338
24800, 0.524271, 1.538103
24800, 1.234620, 1.280569
24832, 0.083182, 1.753429
24832, 0.160932, 1.703092
24832, 0.452347, 1.590144
24832, 1.201912, 1.227824
24864, 0.083877, 1.752465
24864, 0.145025, 1.731589
24864, 0.397927, 1.645142
24864, 1.221355, 1.269442
24896, 0.084722, 1.736249
24896, 0.187750, 1.711361
24896, 0.476500, 1.569782
24896, 1.234164, 1.284247
24928, 0.081655, 1.742073
24928, 0.189800, 1.699094
24928, 0.380149, 1.650713
24928, 1.241125, 1.289533
24960, 0.082605, 1.730916
24960, 0.175456, 1.698228
24960, 0.433380, 1.614619
24960, 1.259410, 1.281107
24992, 0.076670, 1.763678
24992, 0.178229, 1.729343
24992, 0.475505, 1.574941
24992, 1.232299, 1.262410
25024, 0.076197, 1.754312
25024, 0.152546, 1.727522
25024, 0.385021, 1.652550
25024, 1.236726, 1.263942
25056, 0.082403, 1.733563
25056, 0.155045, 1.733968
25056, 0.427405, 1.596712
25056, 1.237806, 1.260123
25088, 0.085135, 1.731237
25088, 0.140138, 1.750527
25088, 0.458512, 1.597715
25088, 1.224101, 1.262888
25120, 0.082967, 1.750589
25120, 0.167120, 1.698454
25120, 0.550200, 1.495221
25120, 1.208933, 1.245795
25152, 0.083498, 1.749383
25152, 0.168720, 1.722407
25152, 0.413925, 1.620903
25152, 1.255612, 1.278670
25184, 0.079277, 1.745587
25184, 0.177453, 1.722904
25184, 0.527922, 1.542705
25184, 1.224343, 1.263213
25216, 0.075190, 1.761562
25216, 0.171982, 1.697547
25216, 0.528433, 1.512615
25216, 1.234029, 1.283220
25248, 0.080524, 1.746325
25248, 0.164668, 1.725811
25248, 0.527373, 1.529885
25248, 1.277276, 1.314678
25280, 0.079743, 1.748763
25280, 0.149827, 1.749497
25280, 0.444518, 1.603458
25280, 1.264566, 1.314809
25312, 0.077883, 1.727994
25312, 0.193994, 1.670469
25312, 0.487583, 1.578925
25312, 1.238014, 1.291466
25344, 0.082382, 1.764896
25344, 0.151600, 1.739670
25344, 0.490757, 1.571607
25344, 1.275325, 1.322045
25376, 0.078645, 1.752450
25376, 0.185039, 1.705125
25376, 0.421262, 1.604676
25376, 1.249096, 1.299080
25408, 0.081296, 1.743354
25408, 0.134330, 1.757090
25408, 0.458651, 1.559756
25408, 1.227322, 1.271971
25440, 0.084322, 1.746122
25440, 0.141538, 1.765485
25440, 0.389254, 1.638297
25440, 1.243888, 1.277429
25472, 0.079648, 1.735966
25472, 0.149026, 1.730748
25472, 0.543502, 1.523139
25472, 1.198739, 1.239883
25504, 0.088453, 1.734852
25504, 0.148895, 1.725576
25504, 0.512680, 1.545203
25504, 1.281804, 1.316779
25536, 0.074753, 1.752447
25536, 0.195208, 1.678431
25536, 0.542458, 1.498817
25536, 1.245350, 1.283689
25568, 0.084229, 1.762325
25568, 0.173067, 1.707522
25568, 0.443467, 1.598461
25568, 1.254169, 1.313384
25600, 0.081019, 1.758668
25600, 0.149849, 1.731803
25600, 0.435983, 1.587279
25600, 1.238188, 1.273993
